timestamp,emigId,apparentPower,currentL1,currentL2,currentL3,dcVoltage,deviceTemperature,exportLimit,importActivePower,importEnergy,mainsFrequency,stateCode,ts:,voltageL1L2,voltageL1L3,voltageL1N,voltageL2L3,voltageL2N,voltageL3N
2025-11-25T04:00:00.000000Z,INVERT:001122,,,,,0.124,5.756,100.0,,71370400,50.103,5.756,2025-11-25T04:00:00.000000Z,424.695,424.059,245.097,425.207,245.268,245.162
2025-11-25T07:30:00.000000Z,INVERT:001122,355,1.462,1.471,1.482,458.575,8.918,100.0,95,71370400,49.927,8.918,2025-11-25T07:30:00.000000Z,416.116,414.531,239.603,416.086,240.142,240.014
2025-11-25T08:00:00.000000Z,INVERT:001122,439,1.829,1.764,1.831,750.334,14.831,100.0,276,71370400,50.021,14.831,2025-11-25T08:00:00.000000Z,414.622,413.302,238.826,414.925,239.376,239.337
2025-11-25T08:30:00.000000Z,INVERT:001122,729,3.145,2.973,3.025,750.428,17.769,100.0,644,71370896,50.073,17.769,2025-11-25T08:30:00.000000Z,416.445,415.308,239.97,416.682,240.27,240.444
2025-11-25T09:00:00.000000Z,INVERT:001122,884,3.806,3.624,3.671,750.469,19.837,100.0,809,71371904,50.095,19.837,2025-11-25T09:00:00.000000Z,416.058,415.096,239.814,416.485,240.132,240.411
2025-11-25T09:30:00.000000Z,INVERT:001122,1723,7.256,7.119,7.114,750.32,21.566,100.0,1678,71373200,50.027,21.566,2025-11-25T09:30:00.000000Z,418.755,417.797,241.289,419.28,241.755,241.944
2025-11-25T10:00:00.000000Z,INVERT:001122,1551,6.511,6.369,6.392,750.381,22.727,100.0,1504,71375904,50.108,22.727,2025-11-25T10:00:00.000000Z,419.888,418.661,241.889,420.274,242.512,242.396
2025-11-25T10:30:00.000000Z,INVERT:001122,2400,10.055,9.907,9.932,750.412,23.928,100.0,2361,71378304,49.995,23.928,2025-11-25T10:30:00.000000Z,417.502,416.445,240.543,418.209,241.175,241.201
2025-11-25T11:00:00.000000Z,INVERT:001122,3094,12.842,12.77,12.751,750.37,24.83,100.0,3065,71382096,50.017,24.83,2025-11-25T11:00:00.000000Z,419.302,418.296,241.599,419.978,242.221,242.279
2025-11-25T11:30:00.000000Z,INVERT:001122,3416,14.216,14.099,14.094,750.427,26.522,100.0,3390,71386896,49.922,26.522,2025-11-25T11:30:00.000000Z,418.75,418.045,241.263,419.509,242.025,242.031
2025-11-25T12:00:00.000000Z,INVERT:001122,3367,14.051,13.963,13.913,750.378,27.934,100.0,3344,71392000,49.963,27.934,2025-11-25T12:00:00.000000Z,417.926,417.553,240.856,418.676,241.508,241.745
2025-11-25T12:30:00.000000Z,INVERT:001122,3585,14.97,14.874,14.846,750.381,28.877,100.0,3563,71397200,49.986,28.877,2025-11-25T12:30:00.000000Z,417.166,416.388,240.348,417.679,241.029,240.99
2025-11-25T13:00:00.000000Z,INVERT:001122,2800,11.688,11.588,11.592,750.418,29.124,100.0,2770,71402600,49.93,29.124,2025-11-25T13:00:00.000000Z,417.65,416.69,240.649,417.881,241.238,241.129
2025-11-25T13:30:00.000000Z,INVERT:001122,2145,8.968,8.867,8.885,750.445,29.153,100.0,2106,71406704,49.939,29.153,2025-11-25T13:30:00.000000Z,417.334,416.158,240.36,417.948,241.165,240.96
2025-11-25T14:00:00.000000Z,INVERT:001122,1835,7.71,7.58,7.56,750.357,28.635,100.0,1796,71410000,50.058,28.635,2025-11-25T14:00:00.000000Z,419.413,418.87,241.9,420.121,242.155,242.549
2025-11-25T14:30:00.000000Z,INVERT:001122,1044,4.453,4.249,4.292,750.467,28.483,100.0,985,71412704,50.053,28.483,2025-11-25T14:30:00.000000Z,420.152,419.654,242.359,420.775,242.429,243.029
2025-11-25T15:00:00.000000Z,INVERT:001122,611,2.651,2.481,2.525,750.477,27.91,100.0,497,71414096,50.045,27.91,2025-11-25T15:00:00.000000Z,418.141,417.642,241.176,418.683,241.444,241.763
2025-11-25T15:30:00.000000Z,INVERT:001122,416,1.806,1.721,1.72,750.394,27.675,100.0,220,71414800,50.037,27.675,2025-11-25T15:30:00.000000Z,418.199,417.262,240.991,418.95,241.59,241.575
2025-11-25T16:00:00.000000Z,INVERT:001122,353,1.457,1.428,1.45,259.931,25.866,100.0,,71415104,50.004,25.866,2025-11-25T16:00:00.000000Z,419.061,418.311,241.673,419.714,241.97,242.09
2025-11-25T18:00:00.000000Z,INVERT:001122,,,,,,10.439,100.0,,71415104,49.919,10.439,2025-11-25T18:00:00.000000Z,421.452,420.943,242.986,422.723,243.617,243.68
2025-11-26T04:00:00.000000Z,INVERT:001122,,,,,,1.565,100.0,,71415104,49.914,1.565,2025-11-26T04:00:00.000000Z,422.106,421.368,243.668,422.548,243.768,243.669
2025-11-26T07:30:00.000000Z,INVERT:001122,356,1.494,1.446,1.481,472.769,5.869,100.0,91,71415104,49.98,5.869,2025-11-26T07:30:00.000000Z,416.503,415.34,239.837,416.547,240.515,240.426
2025-11-26T08:00:00.000000Z,INVERT:001122,464,1.948,1.825,1.921,750.012,11.999,100.0,308,71415200,50.059,11.999,2025-11-26T08:00:00.000000Z,417.932,416.713,240.653,417.862,241.28,241.206
2025-11-26T08:30:00.000000Z,INVERT:001122,599,2.528,2.383,2.491,749.981,15.512,100.0,503,71415696,50.038,15.512,2025-11-26T08:30:00.000000Z,416.019,414.805,239.495,416.217,240.343,240.225
2025-11-26T09:00:00.000000Z,INVERT:001122,736,3.135,2.961,3.047,750.026,18.174,100.0,654,71416496,50.067,18.174,2025-11-26T09:00:00.000000Z,418.142,416.576,240.651,418.243,241.446,241.28
2025-11-26T09:30:00.000000Z,INVERT:001122,995,4.229,4.047,4.084,749.988,20.392,100.0,938,71417504,50.082,20.392,2025-11-26T09:30:00.000000Z,421.224,419.866,242.567,421.49,243.276,243.097
2025-11-26T10:00:00.000000Z,INVERT:001122,1607,6.798,6.629,6.637,750.019,22.301,100.0,1562,71419000,50.074,22.301,2025-11-26T10:00:00.000000Z,418.826,417.688,241.278,419.329,241.966,241.858
2025-11-26T10:30:00.000000Z,INVERT:001122,2284,9.593,9.47,9.472,750.009,24.062,100.0,2247,71421600,49.962,24.062,2025-11-26T10:30:00.000000Z,416.836,415.813,240.146,417.289,240.626,240.874
2025-11-26T11:00:00.000000Z,INVERT:001122,3019,12.608,12.47,12.492,749.976,25.129,100.0,2990,71425200,50.029,25.129,2025-11-26T11:00:00.000000Z,417.322,416.599,240.536,418.103,241.021,241.368
2025-11-26T11:30:00.000000Z,INVERT:001122,3319,13.866,13.735,13.762,750.085,27.63,100.0,3294,71429800,50.058,27.63,2025-11-26T11:30:00.000000Z,416.419,415.617,239.949,416.949,240.449,240.666
2025-11-26T12:00:00.000000Z,INVERT:001122,3223,13.481,13.357,13.326,750.0,29.466,100.0,3197,71434896,50.0,29.466,2025-11-26T12:00:00.000000Z,417.526,417.016,240.579,418.243,241.274,241.465
2025-11-26T12:30:00.000000Z,INVERT:001122,3899,16.225,16.121,16.108,750.146,31.421,100.0,3880,71439904,50.043,31.421,2025-11-26T12:30:00.000000Z,418.674,417.728,241.121,418.823,241.859,241.707
2025-11-26T13:00:00.000000Z,INVERT:001122,2626,11.032,10.918,10.917,750.025,32.099,100.0,2595,71445696,49.977,32.099,2025-11-26T13:00:00.000000Z,416.359,414.97,239.637,416.332,240.375,240.334
2025-11-26T13:30:00.000000Z,INVERT:001122,2383,10.004,9.898,9.892,750.109,31.968,100.0,2345,71449904,50.013,31.968,2025-11-26T13:30:00.000000Z,417.123,415.598,240.108,417.303,241.001,240.615
2025-11-26T14:00:00.000000Z,INVERT:001122,1742,7.33,7.166,7.185,749.972,31.637,100.0,1700,71453504,49.991,31.637,2025-11-26T14:00:00.000000Z,419.66,418.265,241.706,419.943,242.57,241.963
2025-11-26T14:30:00.000000Z,INVERT:001122,995,4.258,4.062,4.112,750.036,31.238,100.0,933,71456096,49.982,31.238,2025-11-26T14:30:00.000000Z,418.67,417.015,241.12,419.202,241.989,241.369
2025-11-26T15:00:00.000000Z,INVERT:001122,536,2.332,2.181,2.221,750.142,30.701,100.0,417,71457400,49.993,30.701,2025-11-26T15:00:00.000000Z,417.991,416.447,240.749,418.532,241.556,241.05
2025-11-26T15:30:00.000000Z,INVERT:001122,355,1.489,1.424,1.462,531.753,29.441,100.0,63,71458000,50.036,29.441,2025-11-26T15:30:00.000000Z,419.384,417.962,241.749,420.165,242.388,241.876
2025-11-26T16:00:00.000000Z,INVERT:001122,,,,,8.371,25.984,100.0,,71458096,50.11,25.984,2025-11-26T16:00:00.000000Z,420.838,419.29,242.382,421.116,242.953,242.609
2025-11-26T18:00:00.000000Z,INVERT:001122,,,,,0.228,11.631,100.0,,71458096,49.896,11.631,2025-11-26T18:00:00.000000Z,422.849,421.997,243.524,423.62,244.548,244.076
2025-11-27T04:00:00.000000Z,INVERT:001122,,,,,0.174,11.673,100.0,,71458096,50.043,11.673,2025-11-27T04:00:00.000000Z,425.643,424.387,245.218,426.409,246.089,245.674
2025-11-27T07:30:00.000000Z,INVERT:001122,,,,,130.994,14.458,100.0,,71458096,49.878,14.458,2025-11-27T07:30:00.000000Z,419.875,418.773,241.975,420.224,242.516,242.36
2025-11-27T08:00:00.000000Z,INVERT:001122,402,1.668,1.608,1.672,742.579,20.03,100.0,187,71458096,50.03,20.03,2025-11-27T08:00:00.000000Z,416.245,415.049,239.793,416.713,240.496,240.292
2025-11-27T08:30:00.000000Z,INVERT:001122,465,1.928,1.845,1.934,750.63,24.513,100.0,344,71458304,50.035,24.513,2025-11-27T08:30:00.000000Z,415.438,414.206,239.328,415.97,239.982,239.833
2025-11-27T09:00:00.000000Z,INVERT:001122,879,3.779,3.602,3.657,750.603,27.398,100.0,802,71458896,50.088,27.398,2025-11-27T09:00:00.000000Z,416.266,414.85,239.573,416.543,240.428,240.288
2025-11-27T09:30:00.000000Z,INVERT:001122,1542,6.548,6.416,6.406,750.659,30.059,100.0,1501,71460304,50.032,30.059,2025-11-27T09:30:00.000000Z,416.613,415.371,239.748,417.042,240.766,240.618
2025-11-27T10:00:00.000000Z,INVERT:001122,1862,7.855,7.705,7.697,750.636,31.941,100.0,1823,71462704,50.022,31.941,2025-11-27T10:00:00.000000Z,418.185,417.016,240.701,418.987,241.702,241.616
2025-11-27T10:30:00.000000Z,INVERT:001122,1450,6.213,6.03,6.061,750.702,33.395,100.0,1406,71465600,50.061,33.395,2025-11-27T10:30:00.000000Z,413.236,412.234,238.065,413.935,238.554,238.93
2025-11-27T11:00:00.000000Z,INVERT:001122,2082,8.787,8.667,8.707,750.626,34.379,100.0,2047,71467696,50.082,34.379,2025-11-27T11:00:00.000000Z,413.43,412.178,237.937,414.12,238.687,239.08
2025-11-27T11:30:00.000000Z,INVERT:001122,1646,6.95,6.801,6.81,750.727,35.433,100.0,1608,71471000,50.001,35.433,2025-11-27T11:30:00.000000Z,417.807,416.581,240.53,418.566,241.479,241.446
2025-11-27T12:00:00.000000Z,INVERT:001122,1745,7.334,7.201,7.18,750.619,35.742,100.0,1703,71473504,49.899,35.742,2025-11-27T12:00:00.000000Z,420.162,419.025,241.945,420.627,242.66,242.729
2025-11-27T12:30:00.000000Z,INVERT:001122,2058,8.627,8.49,8.518,750.636,36.464,100.0,2021,71476096,49.913,36.464,2025-11-27T12:30:00.000000Z,417.709,416.707,240.564,418.053,241.224,241.24
2025-11-27T13:00:00.000000Z,INVERT:001122,2643,11.04,10.937,10.938,750.678,37.914,100.0,2611,71479400,50.01,37.914,2025-11-27T13:00:00.000000Z,417.765,416.489,240.537,418.015,241.331,241.126
2025-11-27T13:30:00.000000Z,INVERT:001122,1296,5.497,5.326,5.339,750.701,37.948,100.0,1249,71483200,50.018,37.948,2025-11-27T13:30:00.000000Z,419.573,418.46,241.582,420.256,242.532,242.376
2025-11-27T14:00:00.000000Z,INVERT:001122,862,3.711,3.495,3.541,750.67,37.614,100.0,795,71485104,50.019,37.614,2025-11-27T14:00:00.000000Z,420.717,419.703,242.365,421.529,243.173,243.065
2025-11-27T14:30:00.000000Z,INVERT:001122,629,2.751,2.54,2.572,750.724,37.169,100.0,534,71486400,50.023,37.169,2025-11-27T14:30:00.000000Z,422.281,421.282,243.283,423.227,244.097,243.954
2025-11-27T15:00:00.000000Z,INVERT:001122,800,3.464,3.256,3.276,750.732,36.842,100.0,720,71487200,49.911,36.842,2025-11-27T15:00:00.000000Z,421.622,420.835,242.946,422.634,243.76,243.704
2025-11-27T15:30:00.000000Z,INVERT:001122,382,1.593,1.561,1.563,514.466,35.866,100.0,94,71488304,49.933,35.866,2025-11-27T15:30:00.000000Z,421.98,420.768,242.986,423.058,244.134,243.693
2025-11-27T18:00:00.000000Z,INVERT:001122,,,,,,18.854,100.0,,71488304,49.861,18.854,2025-11-27T18:00:00.000000Z,425.656,424.468,244.836,427.244,246.68,245.969
2025-11-28T04:00:00.000000Z,INVERT:001122,,,,,,9.931,100.0,,71488304,50.045,9.931,2025-11-28T04:00:00.000000Z,423.116,422.469,243.881,424.356,244.745,244.611
2025-11-28T07:30:00.000000Z,INVERT:001122,,,,,332.07,11.684,100.0,,71488304,49.925,11.684,2025-11-28T07:30:00.000000Z,416.306,415.021,239.661,416.81,240.681,240.266
2025-11-28T08:00:00.000000Z,INVERT:001122,321,1.358,1.284,1.327,750.459,17.152,100.0,134,71488304,50.012,17.152,2025-11-28T08:00:00.000000Z,417.818,416.767,240.514,418.776,241.655,241.413
2025-11-28T08:30:00.000000Z,INVERT:001122,638,2.713,2.551,2.646,750.421,21.228,100.0,575,71488600,50.008,21.228,2025-11-28T08:30:00.000000Z,416.707,415.711,239.96,417.79,241.006,240.783
2025-11-28T09:00:00.000000Z,INVERT:001122,942,4.044,3.859,3.902,750.428,23.859,100.0,905,71489504,50.016,23.859,2025-11-28T09:00:00.000000Z,417.068,415.949,240.083,418.365,241.164,241.289
2025-11-28T09:30:00.000000Z,INVERT:001122,1264,5.365,5.191,5.227,750.353,24.773,100.0,1235,71491000,50.041,24.773,2025-11-28T09:30:00.000000Z,417.918,416.629,240.46,419.112,241.767,241.577
2025-11-28T10:00:00.000000Z,INVERT:001122,1648,6.915,6.797,6.785,750.452,27.059,100.0,1618,71492896,49.986,27.059,2025-11-28T10:00:00.000000Z,419.584,418.639,241.491,421.02,242.758,242.763
2025-11-28T10:30:00.000000Z,INVERT:001122,2127,8.957,8.809,8.796,750.497,28.755,100.0,2097,71495504,50.06,28.755,2025-11-28T10:30:00.000000Z,417.677,416.563,240.534,418.916,241.525,241.557
2025-11-28T11:00:00.000000Z,INVERT:001122,2693,11.208,11.09,11.093,750.431,30.633,100.0,2670,71498800,50.034,30.633,2025-11-28T11:00:00.000000Z,419.014,417.792,241.049,420.626,242.428,242.402
2025-11-28T11:30:00.000000Z,INVERT:001122,3062,12.759,12.607,12.637,750.546,32.19,100.0,3040,71503000,49.925,32.19,2025-11-28T11:30:00.000000Z,418.488,417.329,240.795,419.758,242.081,242.057
2025-11-28T12:00:00.000000Z,INVERT:001122,2732,11.412,11.268,11.308,750.453,33.659,100.0,2708,71507296,49.977,33.659,2025-11-28T12:00:00.000000Z,416.669,415.809,239.845,417.997,240.883,241.193
2025-11-28T12:30:00.000000Z,INVERT:001122,1326,5.6,5.436,5.489,750.44,33.66,100.0,1290,71511200,49.999,33.66,2025-11-28T12:30:00.000000Z,417.736,416.256,240.523,418.733,241.493,241.399
2025-11-28T13:00:00.000000Z,INVERT:001122,525,2.277,2.118,2.18,750.42,31.695,100.0,438,71512896,50.034,31.695,2025-11-28T13:00:00.000000Z,416.072,414.848,239.519,417.343,240.547,240.523
2025-11-28T13:30:00.000000Z,INVERT:001122,1345,5.631,5.462,5.506,750.546,28.656,100.0,1308,71513600,49.971,28.656,2025-11-28T13:30:00.000000Z,421.303,419.996,242.686,422.461,243.594,243.42
2025-11-28T14:00:00.000000Z,INVERT:001122,1420,5.955,5.792,5.812,750.461,29.126,100.0,1388,71515696,49.962,29.126,2025-11-28T14:00:00.000000Z,421.611,420.568,242.867,422.981,243.796,243.803
2025-11-28T14:30:00.000000Z,INVERT:001122,724,3.114,2.919,2.977,750.561,29.071,100.0,672,71517600,49.986,29.071,2025-11-28T14:30:00.000000Z,420.522,419.382,242.262,421.773,243.192,243.074
2025-11-28T15:00:00.000000Z,INVERT:001122,522,2.269,2.093,2.141,750.448,29.198,100.0,413,71518704,50.104,29.198,2025-11-28T15:00:00.000000Z,420.825,420.028,242.438,422.225,243.401,243.424
2025-11-28T15:30:00.000000Z,INVERT:001122,316,1.314,1.289,1.295,750.386,29.147,100.0,101,71519296,50.01,29.147,2025-11-28T15:30:00.000000Z,420.914,419.682,242.523,421.858,243.261,243.092
2025-11-28T16:00:00.000000Z,INVERT:001122,,,,,34.011,25.853,100.0,,71519400,50.124,25.853,2025-11-28T16:00:00.000000Z,421.037,419.794,242.676,422.069,243.316,243.319
2025-11-28T18:00:00.000000Z,INVERT:001122,,,,,,11.988,100.0,,71519400,50.072,11.988,2025-11-28T18:00:00.000000Z,424.208,422.384,244.145,425.105,245.33,244.661
2025-11-29T04:00:00.000000Z,INVERT:001122,,,,,,8.862,100.0,,71519400,50.082,8.862,2025-11-29T04:00:00.000000Z,424.788,423.506,244.43,426.297,245.864,245.479
2025-11-29T08:00:00.000000Z,INVERT:001122,,,,,142.271,10.338,100.0,,71519400,49.942,10.338,2025-11-29T08:00:00.000000Z,423.03,421.636,243.492,424.249,244.89,244.278
2025-11-29T08:30:00.000000Z,INVERT:001122,347,1.423,1.328,1.406,682.824,14.956,100.0,163,71519400,49.956,14.956,2025-11-29T08:30:00.000000Z,425.671,424.025,244.96,426.998,246.434,245.651
2025-11-29T09:00:00.000000Z,INVERT:001122,408,1.703,1.555,1.658,750.404,19.148,100.0,282,71519600,49.958,19.148,2025-11-29T09:00:00.000000Z,425.51,423.937,244.933,426.889,246.402,245.634
2025-11-29T09:30:00.000000Z,INVERT:001122,590,2.482,2.291,2.397,749.662,21.305,100.0,528,71520096,50.003,21.305,2025-11-29T09:30:00.000000Z,425.05,423.524,244.677,426.418,246.026,245.397
2025-11-29T10:00:00.000000Z,INVERT:001122,781,3.34,3.114,3.164,750.396,22.611,100.0,744,71520896,50.004,22.611,2025-11-29T10:00:00.000000Z,426.277,424.92,245.475,427.613,246.657,246.222
2025-11-29T10:30:00.000000Z,INVERT:001122,696,3.015,2.772,2.824,750.008,23.52,100.0,655,71522096,50.036,23.52,2025-11-29T10:30:00.000000Z,425.982,424.525,245.253,427.243,246.407,245.994
2025-11-29T11:00:00.000000Z,INVERT:001122,607,2.651,2.387,2.471,749.63,23.937,100.0,552,71523104,49.961,23.937,2025-11-29T11:00:00.000000Z,423.965,422.875,244.168,425.642,245.454,245.001
2025-11-29T11:30:00.000000Z,INVERT:001122,1065,4.519,4.303,4.332,749.823,24.367,100.0,1024,71524000,50.043,24.367,2025-11-29T11:30:00.000000Z,424.108,422.663,244.182,425.582,245.405,244.977
2025-11-29T12:00:00.000000Z,INVERT:001122,1599,6.652,6.48,6.487,749.944,24.124,100.0,1553,71525800,50.127,24.124,2025-11-29T12:00:00.000000Z,425.368,424.05,244.886,427.237,246.254,245.944
2025-11-29T12:30:00.000000Z,INVERT:001122,1353,5.614,5.438,5.467,751.857,24.018,100.0,1309,71528096,50.135,24.018,2025-11-29T12:30:00.000000Z,427.036,425.715,245.875,428.551,247.165,246.716
2025-11-29T13:00:00.000000Z,INVERT:001122,695,2.979,2.736,2.805,752.901,23.689,100.0,644,71530096,50.104,23.689,2025-11-29T13:00:00.000000Z,427.752,426.639,246.225,429.37,247.667,247.284
2025-11-29T13:30:00.000000Z,INVERT:001122,1265,5.245,5.05,5.093,755.488,23.186,100.0,1223,71531104,50.105,23.186,2025-11-29T13:30:00.000000Z,428.825,427.33,246.711,430.435,248.386,247.836
2025-11-29T14:00:00.000000Z,INVERT:001122,1104,4.597,4.39,4.458,753.738,23.519,100.0,1066,71533000,50.086,23.519,2025-11-29T14:00:00.000000Z,427.389,425.616,245.984,429.005,247.503,246.728
2025-11-29T14:30:00.000000Z,INVERT:001122,434,1.884,1.711,1.756,751.021,24.109,100.0,295,71534600,50.049,24.109,2025-11-29T14:30:00.000000Z,426.358,424.731,245.321,428.008,246.897,246.254
2025-11-29T15:00:00.000000Z,INVERT:001122,450,1.906,1.754,1.814,753.987,24.972,100.0,336,71535104,50.008,24.972,2025-11-29T15:00:00.000000Z,428.154,426.305,246.272,429.585,247.961,247.107
2025-11-29T15:30:00.000000Z,INVERT:001122,329,1.337,1.313,1.329,410.427,24.026,100.0,41,71535400,49.97,24.026,2025-11-29T15:30:00.000000Z,427.609,425.547,245.941,428.828,247.623,246.659
2025-11-29T16:00:00.000000Z,INVERT:001122,,,,,2.272,21.119,100.0,,71535400,50.036,21.119,2025-11-29T16:00:00.000000Z,425.762,423.966,244.97,427.055,246.499,245.775
2025-11-29T18:00:00.000000Z,INVERT:001122,,,,,,9.627,100.0,,71535400,50.041,9.627,2025-11-29T18:00:00.000000Z,424.598,423.167,244.301,426.367,245.979,245.342
2025-11-30T04:00:00.000000Z,INVERT:001122,,,,,,4.046,100.0,,71535400,50.059,4.046,2025-11-30T04:00:00.000000Z,422.47,421.591,243.402,423.199,244.27,243.926
2025-11-30T07:30:00.000000Z,INVERT:001122,302,1.246,1.184,1.238,407.956,7.373,100.0,73,71535400,49.999,7.373,2025-11-30T07:30:00.000000Z,421.976,420.399,243.004,422.621,244.052,243.339
2025-11-30T08:00:00.000000Z,INVERT:001122,366,1.506,1.403,1.495,750.456,13.597,100.0,220,71535504,49.917,13.597,2025-11-30T08:00:00.000000Z,423.152,421.907,243.641,424.421,244.812,244.266
2025-11-30T08:30:00.000000Z,INVERT:001122,517,2.137,1.95,2.105,750.563,16.183,100.0,448,71535800,50.044,16.183,2025-11-30T08:30:00.000000Z,423.955,422.809,244.013,425.206,245.367,244.897
2025-11-30T09:00:00.000000Z,INVERT:001122,670,2.812,2.608,2.733,750.502,18.079,100.0,632,71536496,50.082,18.079,2025-11-30T09:00:00.000000Z,423.392,422.335,243.853,424.885,245.109,244.671
2025-11-30T09:30:00.000000Z,INVERT:001122,844,3.571,3.368,3.442,750.522,19.007,100.0,808,71537504,50.114,19.007,2025-11-30T09:30:00.000000Z,424.076,422.592,244.112,425.085,245.447,244.666
2025-11-30T10:00:00.000000Z,INVERT:001122,1129,4.732,4.563,4.611,750.633,19.981,100.0,1092,71538800,50.056,19.981,2025-11-30T10:00:00.000000Z,422.68,421.619,243.443,423.911,244.633,244.082
2025-11-30T10:30:00.000000Z,INVERT:001122,1651,6.883,6.715,6.754,750.624,21.034,100.0,1607,71540496,50.047,21.034,2025-11-30T10:30:00.000000Z,422.072,421.242,243.292,423.093,244.179,243.809
2025-11-30T11:00:00.000000Z,INVERT:001122,2306,9.548,9.451,9.427,750.482,22.658,100.0,2249,71543104,50.106,22.658,2025-11-30T11:00:00.000000Z,422.231,421.455,243.319,423.418,244.219,243.925
2025-11-30T11:30:00.000000Z,INVERT:001122,3120,12.885,12.748,12.771,750.532,24.393,100.0,3074,71546600,50.091,24.393,2025-11-30T11:30:00.000000Z,421.557,421.136,243.034,422.859,243.919,243.726
2025-11-30T12:00:00.000000Z,INVERT:001122,2829,11.706,11.562,11.561,750.575,26.527,100.0,2786,71551400,49.987,26.527,2025-11-30T12:00:00.000000Z,422.044,421.318,243.189,423.704,244.285,244.04
2025-11-30T12:30:00.000000Z,INVERT:001122,2775,11.445,11.319,11.33,750.57,28.123,100.0,2732,71556000,49.963,28.123,2025-11-30T12:30:00.000000Z,422.251,421.604,243.262,423.714,244.274,244.206
2025-11-30T13:00:00.000000Z,INVERT:001122,1984,8.203,8.068,8.099,750.601,27.455,100.0,1942,71560304,49.93,27.455,2025-11-30T13:00:00.000000Z,422.561,421.971,243.442,424.292,244.668,244.497
2025-11-30T13:30:00.000000Z,INVERT:001122,1937,8.015,7.838,7.883,750.569,27.929,100.0,1892,71563104,49.938,27.929,2025-11-30T13:30:00.000000Z,423.983,423.177,244.184,425.577,245.338,245.161
2025-11-30T14:00:00.000000Z,INVERT:001122,1616,6.676,6.52,6.576,750.636,29.429,100.0,1570,71566304,49.98,29.429,2025-11-30T14:00:00.000000Z,424.445,423.421,244.439,425.74,245.594,245.33
2025-11-30T14:30:00.000000Z,INVERT:001122,706,3.005,2.774,2.874,750.57,29.216,100.0,660,71568600,49.971,29.216,2025-11-30T14:30:00.000000Z,423.737,422.948,244.216,425.087,245.156,244.97
2025-11-30T15:00:00.000000Z,INVERT:001122,408,1.744,1.599,1.668,750.554,28.739,100.0,249,71569600,49.966,28.739,2025-11-30T15:00:00.000000Z,422.341,421.148,243.268,423.306,244.299,243.855
2025-11-30T15:30:00.000000Z,INVERT:001122,322,1.331,1.3,1.316,548.504,27.829,100.0,39,71570000,49.992,27.829,2025-11-30T15:30:00.000000Z,423.164,422.323,243.786,424.368,244.831,244.542
2025-11-30T16:00:00.000000Z,INVERT:001122,,,,,12.831,24.502,100.0,,71570000,50.126,24.502,2025-11-30T16:00:00.000000Z,424.542,423.746,244.439,425.59,245.759,245.369
2025-11-30T18:00:00.000000Z,INVERT:001122,,,,,,11.209,100.0,,71570000,50.027,11.209,2025-11-30T18:00:00.000000Z,427.528,426.693,246.015,429.311,247.608,247.318
2025-12-01T04:00:00.000000Z,INVERT:001122,,,,,,8.928,100.0,,71570000,49.959,8.928,2025-12-01T04:00:00.000000Z,427.043,425.748,245.814,428.194,246.975,246.522
2025-12-01T08:00:00.000000Z,INVERT:001122,257,1.051,1.039,1.062,310.019,14.273,100.0,46,71570000,49.961,14.273,2025-12-01T08:00:00.000000Z,417.031,416.226,240.465,418.017,240.809,241.176
2025-12-01T08:30:00.000000Z,INVERT:001122,355,1.462,1.428,1.471,750.383,20.808,100.0,113,71570000,50.031,20.808,2025-12-01T08:30:00.000000Z,417.138,416.111,240.383,418.063,240.833,241.25
2025-12-01T09:00:00.000000Z,INVERT:001122,436,1.775,1.709,1.815,750.439,24.045,100.0,279,71570200,50.041,24.045,2025-12-01T09:00:00.000000Z,415.999,414.872,239.812,416.349,239.965,240.372
2025-12-01T09:30:00.000000Z,INVERT:001122,548,2.273,2.151,2.269,750.431,25.866,100.0,442,71570600,50.056,25.866,2025-12-01T09:30:00.000000Z,417.885,416.972,240.857,418.47,241.154,241.64
2025-12-01T10:00:00.000000Z,INVERT:001122,653,2.722,2.589,2.675,750.354,28.008,100.0,572,71571296,49.962,28.008,2025-12-01T10:00:00.000000Z,422.17,421.377,243.242,422.896,243.703,244.204
2025-12-01T10:30:00.000000Z,INVERT:001122,833,3.559,3.351,3.402,750.435,29.341,100.0,761,71572200,50.083,29.341,2025-12-01T10:30:00.000000Z,423.263,422.493,244.043,423.944,244.21,244.817
2025-12-01T11:00:00.000000Z,INVERT:001122,1497,6.281,6.11,6.127,750.472,30.647,100.0,1449,71573400,50.05,30.647,2025-12-01T11:00:00.000000Z,422.361,421.404,243.42,423.079,243.842,244.162
2025-12-01T11:30:00.000000Z,INVERT:001122,847,3.597,3.403,3.452,750.491,31.509,100.0,778,71575696,49.987,31.509,2025-12-01T11:30:00.000000Z,424.189,423.116,244.476,424.559,244.795,245.067
2025-12-01T12:00:00.000000Z,INVERT:001122,1225,5.245,5.097,5.098,750.439,31.839,100.0,1176,71576896,50.065,31.839,2025-12-01T12:00:00.000000Z,415.522,414.625,239.354,416.217,239.895,240.248
2025-12-01T12:30:00.000000Z,INVERT:001122,1528,6.479,6.344,6.356,750.363,32.734,100.0,1482,71578800,50.026,32.734,2025-12-01T12:30:00.000000Z,415.879,414.403,239.49,416.336,240.21,240.084
2025-12-01T13:00:00.000000Z,INVERT:001122,1290,5.487,5.338,5.352,750.43,33.475,100.0,1241,71581104,49.958,33.475,2025-12-01T13:00:00.000000Z,416.926,415.786,240.319,417.131,240.503,240.847
2025-12-01T13:30:00.000000Z,INVERT:001122,848,3.656,3.456,3.496,750.516,33.693,100.0,784,71583000,50.073,33.693,2025-12-01T13:30:00.000000Z,419.749,418.903,241.947,420.431,242.433,242.637
2025-12-01T14:00:00.000000Z,INVERT:001122,537,2.313,2.146,2.189,750.317,33.729,100.0,408,71584304,50.056,33.729,2025-12-01T14:00:00.000000Z,424.312,423.373,244.641,424.993,245.189,244.975
2025-12-01T14:30:00.000000Z,INVERT:001122,392,1.633,1.562,1.602,750.398,33.804,100.0,180,71584896,50.043,33.804,2025-12-01T14:30:00.000000Z,422.963,422.24,243.88,423.727,244.356,244.39
2025-12-01T15:00:00.000000Z,INVERT:001122,370,1.548,1.485,1.516,750.52,34.056,100.0,77,71585200,50.007,34.056,2025-12-01T15:00:00.000000Z,422.303,421.414,243.515,423.013,243.956,243.928
2025-12-01T15:30:00.000000Z,INVERT:001122,379,1.528,1.512,1.554,227.744,32.447,100.0,,71585296,50.005,32.447,2025-12-01T15:30:00.000000Z,421.163,420.931,243.038,422.159,243.314,243.514
2025-12-01T17:30:00.000000Z,INVERT:001122,,,,,0.25,17.063,100.0,,71585296,49.962,17.063,2025-12-01T17:30:00.000000Z,420.669,420.593,242.708,421.892,243.413,243.499
2025-12-02T03:30:00.000000Z,INVERT:001122,,,,,0.14,7.932,100.0,,71585296,49.952,7.932,2025-12-02T03:30:00.000000Z,422.44,422.878,243.822,424.31,244.598,244.599
2025-12-02T07:30:00.000000Z,INVERT:001122,,,,,248.303,8.049,100.0,,71585296,50.031,8.049,2025-12-02T07:30:00.000000Z,417.856,417.064,240.801,418.194,241.406,241.259
2025-12-02T08:00:00.000000Z,INVERT:001122,396,1.663,1.596,1.647,750.499,14.208,100.0,197,71585296,50.116,14.208,2025-12-02T08:00:00.000000Z,415.978,414.967,239.679,415.758,239.974,240.072
2025-12-02T08:30:00.000000Z,INVERT:001122,541,2.266,2.157,2.253,750.484,18.684,100.0,435,71585600,50.077,18.684,2025-12-02T08:30:00.000000Z,415.306,414.355,239.264,415.475,239.864,239.637
2025-12-02T09:00:00.000000Z,INVERT:001122,1106,4.704,4.552,4.57,750.404,21.979,100.0,1051,71586304,50.082,21.979,2025-12-02T09:00:00.000000Z,418.424,417.599,240.959,418.663,241.596,241.676
2025-12-02T09:30:00.000000Z,INVERT:001122,1876,7.893,7.736,7.733,750.543,24.259,100.0,1837,71588200,50.026,24.259,2025-12-02T09:30:00.000000Z,419.635,418.993,241.801,419.726,242.38,242.342
2025-12-02T10:00:00.000000Z,INVERT:001122,1388,5.918,5.782,5.728,750.564,25.076,100.0,1345,71590896,50.112,25.076,2025-12-02T10:00:00.000000Z,418.852,417.988,241.245,419.372,242.278,241.719
2025-11-25T04:00:00.000000Z,INVERT:001123,,,,,,5.71,82.241,,109169000,50.104,5.71,2025-11-25T04:00:00.000000Z,425.22,424.3,245.3,425.578,245.912,245.178
2025-11-25T07:30:00.000000Z,INVERT:001123,484,1.912,1.956,2.019,482.165,9.165,98.906,105,109169000,49.926,9.165,2025-11-25T07:30:00.000000Z,416.758,415.224,240.032,416.225,240.457,240.238
2025-11-25T08:00:00.000000Z,INVERT:001123,662,2.707,2.628,2.76,749.761,14.795,100.0,406,109169000,50.021,14.795,2025-11-25T08:00:00.000000Z,415.267,413.889,239.272,414.857,239.471,239.46
2025-11-25T08:30:00.000000Z,INVERT:001123,1089,4.754,4.462,4.52,749.766,17.454,100.0,958,109169000,50.073,17.454,2025-11-25T08:30:00.000000Z,416.954,415.982,240.395,416.708,240.486,240.609
2025-11-25T09:00:00.000000Z,INVERT:001123,1574,6.795,6.478,6.537,749.758,19.409,100.0,1473,109171000,50.096,19.409,2025-11-25T09:00:00.000000Z,416.632,415.623,240.273,416.443,240.242,240.507
2025-11-25T09:30:00.000000Z,INVERT:001123,3750,15.658,15.486,15.478,749.677,21.592,100.0,3697,109173000,50.028,21.592,2025-11-25T09:30:00.000000Z,419.632,418.691,241.756,419.522,242.137,242.286
2025-11-25T10:00:00.000000Z,INVERT:001123,5890,24.408,24.266,24.253,749.699,23.531,100.0,5851,109180000,50.112,23.531,2025-11-25T10:00:00.000000Z,420.838,419.484,242.447,420.679,242.978,242.67
2025-11-25T10:30:00.000000Z,INVERT:001123,7247,30.125,30.004,29.988,749.717,27.64,100.0,7213,109189000,49.994,27.64,2025-11-25T10:30:00.000000Z,418.392,417.426,241.03,418.537,241.62,241.619
2025-11-25T11:00:00.000000Z,INVERT:001123,8007,33.155,33.007,32.998,749.729,31.17,100.0,7980,109200000,50.02,31.17,2025-11-25T11:00:00.000000Z,419.969,419.13,242.088,420.084,242.459,242.532
2025-11-25T11:30:00.000000Z,INVERT:001123,7777,32.276,32.098,32.069,749.667,33.006,100.0,7745,109213000,49.925,33.006,2025-11-25T11:30:00.000000Z,419.452,418.802,241.71,419.637,242.321,242.22
2025-11-25T12:00:00.000000Z,INVERT:001123,8220,34.079,33.924,33.955,749.692,34.391,100.0,8197,109224000,49.961,34.391,2025-11-25T12:00:00.000000Z,418.699,418.224,241.348,419.006,241.925,241.872
2025-11-25T12:30:00.000000Z,INVERT:001123,9194,38.18,38.07,38.075,749.698,34.971,100.0,9177,109237000,49.987,34.971,2025-11-25T12:30:00.000000Z,417.818,417.018,240.745,417.772,241.325,241.102
2025-11-25T13:00:00.000000Z,INVERT:001123,7845,32.617,32.476,32.485,749.646,34.654,100.0,7824,109251000,49.931,34.654,2025-11-25T13:00:00.000000Z,418.208,417.059,240.891,417.952,241.525,241.113
2025-11-25T13:30:00.000000Z,INVERT:001123,5797,24.188,23.999,24.013,749.653,33.902,100.0,5764,109262000,49.941,33.902,2025-11-25T13:30:00.000000Z,417.879,416.958,240.853,417.946,241.353,241.113
2025-11-25T14:00:00.000000Z,INVERT:001123,4440,18.474,18.27,18.293,749.716,32.38,100.0,4399,109271000,50.057,32.38,2025-11-25T14:00:00.000000Z,420.015,419.181,242.275,420.101,242.469,242.413
2025-11-25T14:30:00.000000Z,INVERT:001123,2394,10.072,9.828,9.84,749.703,30.895,100.0,2327,109278000,50.053,30.895,2025-11-25T14:30:00.000000Z,421.01,420.167,242.742,421.118,243.021,243.088
2025-11-25T15:00:00.000000Z,INVERT:001123,1204,5.233,4.929,4.978,749.804,29.306,100.0,1074,109281000,50.045,29.306,2025-11-25T15:00:00.000000Z,418.568,417.791,241.349,418.415,241.532,241.571
2025-11-25T15:30:00.000000Z,INVERT:001123,622,2.72,2.522,2.571,749.707,28.281,100.0,313,109282000,50.037,28.281,2025-11-25T15:30:00.000000Z,418.935,417.812,241.45,419.107,242.002,241.713
2025-11-25T16:00:00.000000Z,INVERT:001123,525,2.15,2.151,2.157,263.432,26.137,86.428,,109283000,50.003,26.137,2025-11-25T16:00:00.000000Z,419.522,418.724,241.954,419.715,242.147,242.171
2025-11-25T18:00:00.000000Z,INVERT:001123,,,,,,10.595,80.988,,109283000,49.911,10.595,2025-11-25T18:00:00.000000Z,421.243,420.804,243.056,421.487,243.213,243.214
2025-11-26T04:00:00.000000Z,INVERT:001123,,,,,,0.934,72.288,,109283000,49.916,0.934,2025-11-26T04:00:00.000000Z,422.41,422.027,243.662,422.702,244.028,243.825
2025-11-26T07:30:00.000000Z,INVERT:001123,547,2.231,2.176,2.276,515.042,5.638,97.862,162,109283000,49.978,5.638,2025-11-26T07:30:00.000000Z,416.994,415.818,240.141,416.597,240.78,240.471
2025-11-26T08:00:00.000000Z,INVERT:001123,712,2.882,2.81,2.95,750.052,11.794,100.0,496,109283000,50.056,11.794,2025-11-26T08:00:00.000000Z,418.509,417.201,241.038,417.865,241.496,241.286
2025-11-26T08:30:00.000000Z,INVERT:001123,931,3.806,3.718,3.873,749.915,15.324,100.0,794,109284000,50.04,15.324,2025-11-26T08:30:00.000000Z,416.528,415.284,239.791,416.189,240.583,240.278
2025-11-26T09:00:00.000000Z,INVERT:001123,1306,5.586,5.297,5.402,750.014,17.84,100.0,1195,109285000,50.068,17.84,2025-11-26T09:00:00.000000Z,418.731,417.206,240.934,418.441,241.77,241.469
2025-11-26T09:30:00.000000Z,INVERT:001123,3329,13.842,13.638,13.672,749.95,20.348,100.0,3274,109287000,50.083,20.348,2025-11-26T09:30:00.000000Z,421.809,420.493,242.954,421.589,243.468,243.26
2025-11-26T10:00:00.000000Z,INVERT:001123,5972,24.777,24.651,24.646,749.901,23.572,100.0,5935,109292000,50.075,23.572,2025-11-26T10:00:00.000000Z,419.39,418.476,241.599,419.341,242.143,242.144
2025-11-26T10:30:00.000000Z,INVERT:001123,6537,27.261,27.115,27.109,749.986,28.341,100.0,6505,109302000,49.958,28.341,2025-11-26T10:30:00.000000Z,417.513,416.471,240.552,417.293,240.826,241.048
2025-11-26T11:00:00.000000Z,INVERT:001123,8012,33.296,33.145,33.152,749.91,32.039,100.0,7986,109312000,50.027,32.039,2025-11-26T11:00:00.000000Z,417.974,417.242,240.846,418.326,241.337,241.472
2025-11-26T11:30:00.000000Z,INVERT:001123,7579,31.592,31.489,31.441,749.824,35.199,100.0,7550,109324000,50.056,35.199,2025-11-26T11:30:00.000000Z,417.128,416.437,240.348,417.198,240.83,240.939
2025-11-26T12:00:00.000000Z,INVERT:001123,7465,30.963,30.871,30.857,749.918,36.728,100.0,7440,109336000,49.998,36.728,2025-11-26T12:00:00.000000Z,418.21,417.589,240.918,418.472,241.671,241.533
2025-11-26T12:30:00.000000Z,INVERT:001123,9099,37.726,37.592,37.585,749.933,38.054,100.0,9082,109348000,50.044,38.054,2025-11-26T12:30:00.000000Z,419.313,418.5,241.523,418.932,242.169,242.048
2025-11-26T13:00:00.000000Z,INVERT:001123,4725,19.777,19.648,19.637,749.898,36.875,100.0,4686,109361000,49.978,36.875,2025-11-26T13:00:00.000000Z,416.929,415.483,239.985,416.474,240.682,240.341
2025-11-26T13:30:00.000000Z,INVERT:001123,3558,14.942,14.758,14.769,749.953,34.749,100.0,3501,109369000,50.012,34.749,2025-11-26T13:30:00.000000Z,417.377,415.97,240.178,417.074,241.048,240.594
2025-11-26T14:00:00.000000Z,INVERT:001123,2648,11.094,10.879,10.922,749.945,32.747,100.0,2585,109374000,49.99,32.747,2025-11-26T14:00:00.000000Z,420.023,418.702,241.915,419.938,242.833,241.989
2025-11-26T14:30:00.000000Z,INVERT:001123,1434,6.16,5.87,5.927,749.968,31.414,100.0,1340,109378000,49.979,31.414,2025-11-26T14:30:00.000000Z,419.06,417.406,241.438,418.899,241.948,241.391
2025-11-26T15:00:00.000000Z,INVERT:001123,787,3.47,3.204,3.259,749.909,30.21,100.0,603,109380000,49.992,30.21,2025-11-26T15:00:00.000000Z,418.417,416.856,240.988,418.323,241.568,241.12
2025-11-26T15:30:00.000000Z,INVERT:001123,528,2.241,2.139,2.174,529.66,28.657,97.381,93,109381000,50.033,28.657,2025-11-26T15:30:00.000000Z,419.778,418.618,241.951,420.196,242.653,242.093
2025-11-26T16:00:00.000000Z,INVERT:001123,,,,,11.503,25.268,95.371,,109381000,50.11,25.268,2025-11-26T16:00:00.000000Z,420.938,419.796,242.528,421.011,243.237,242.865
2025-11-26T18:00:00.000000Z,INVERT:001123,,,,,,11.006,89.884,,109381000,49.895,11.006,2025-11-26T18:00:00.000000Z,423.513,422.394,244.135,423.374,244.591,244.084
2025-11-27T04:00:00.000000Z,INVERT:001123,,,,,,11.257,90.529,,109381000,50.044,11.257,2025-11-27T04:00:00.000000Z,426.756,425.354,245.802,426.922,246.712,245.982
2025-11-27T07:30:00.000000Z,INVERT:001123,,,,,124.47,14.057,98.491,,109381000,49.876,14.057,2025-11-27T07:30:00.000000Z,420.144,418.862,242.125,419.972,242.673,242.081
2025-11-27T08:00:00.000000Z,INVERT:001123,607,2.455,2.391,2.527,692.852,19.54,97.695,278,109381000,50.03,19.54,2025-11-27T08:00:00.000000Z,416.752,415.512,240.081,416.685,240.702,240.335
2025-11-27T08:30:00.000000Z,INVERT:001123,683,2.748,2.705,2.846,750.117,24.065,100.0,498,109381000,50.033,24.065,2025-11-27T08:30:00.000000Z,415.768,414.591,239.497,415.829,240.129,239.837
2025-11-27T09:00:00.000000Z,INVERT:001123,1237,5.251,5.05,5.146,750.079,26.806,100.0,1112,109382000,50.088,26.806,2025-11-27T09:00:00.000000Z,416.732,415.242,239.892,416.422,240.57,240.263
2025-11-27T09:30:00.000000Z,INVERT:001123,2203,9.328,9.143,9.154,750.046,29.543,100.0,2141,109384000,50.031,29.543,2025-11-27T09:30:00.000000Z,417.185,415.675,240.186,416.977,240.893,240.566
2025-11-27T10:00:00.000000Z,INVERT:001123,2616,11.033,10.815,10.821,750.002,31.579,100.0,2558,109387000,50.02,31.579,2025-11-27T10:00:00.000000Z,418.393,417.271,240.902,418.717,241.811,241.57
2025-11-27T10:30:00.000000Z,INVERT:001123,2045,8.777,8.512,8.558,750.165,32.943,100.0,1979,109391000,50.061,32.943,2025-11-27T10:30:00.000000Z,413.524,412.578,238.255,413.748,238.643,238.859
2025-11-27T11:00:00.000000Z,INVERT:001123,2882,12.241,12.059,12.066,749.947,33.92,100.0,2826,109394000,50.082,33.92,2025-11-27T11:00:00.000000Z,413.714,412.256,238.085,413.864,238.797,238.833
2025-11-27T11:30:00.000000Z,INVERT:001123,2310,9.77,9.558,9.564,749.928,34.939,100.0,2251,109399000,50.004,34.939,2025-11-27T11:30:00.000000Z,418.302,417.04,240.867,418.346,241.54,241.433
2025-11-27T12:00:00.000000Z,INVERT:001123,2447,10.268,10.054,10.073,750.006,35.506,100.0,2381,109402000,49.899,35.506,2025-11-27T12:00:00.000000Z,420.411,419.344,242.109,420.407,242.762,242.716
2025-11-27T12:30:00.000000Z,INVERT:001123,2898,12.193,11.95,12.0,750.045,36.127,100.0,2840,109406000,49.915,36.127,2025-11-27T12:30:00.000000Z,418.238,417.165,240.978,417.931,241.351,241.29
2025-11-27T13:00:00.000000Z,INVERT:001123,3652,15.259,15.109,15.126,750.01,37.316,100.0,3601,109411000,50.009,37.316,2025-11-27T13:00:00.000000Z,418.481,417.037,240.927,417.936,241.534,241.272
2025-11-27T13:30:00.000000Z,INVERT:001123,1800,7.629,7.373,7.421,749.96,37.263,100.0,1728,109416000,50.017,37.263,2025-11-27T13:30:00.000000Z,419.871,418.888,241.818,419.967,242.458,242.382
2025-11-27T14:00:00.000000Z,INVERT:001123,1215,5.217,4.897,4.995,749.982,36.845,100.0,1111,109419000,50.019,36.845,2025-11-27T14:00:00.000000Z,421.185,419.93,242.559,421.469,243.408,242.979
2025-11-27T14:30:00.000000Z,INVERT:001123,896,3.89,3.537,3.669,750.073,36.337,100.0,736,109421000,50.022,36.337,2025-11-27T14:30:00.000000Z,422.624,421.69,243.555,422.889,243.992,244.014
2025-11-27T15:00:00.000000Z,INVERT:001123,1134,4.894,4.559,4.647,750.028,35.929,100.0,1007,109422000,49.91,35.929,2025-11-27T15:00:00.000000Z,421.89,421.245,243.198,422.279,243.715,243.767
2025-11-27T15:30:00.000000Z,INVERT:001123,568,2.381,2.321,2.325,513.028,34.997,90.884,178,109423000,49.931,34.997,2025-11-27T15:30:00.000000Z,422.4,421.113,243.23,422.899,244.262,243.695
2025-11-27T18:00:00.000000Z,INVERT:001123,,,,,,18.671,87.447,,109423000,49.86,18.671,2025-11-27T18:00:00.000000Z,426.48,425.019,245.514,426.967,246.523,246.081
2025-11-28T04:00:00.000000Z,INVERT:001123,,,,,,9.645,64.425,,109423000,50.044,9.645,2025-11-28T04:00:00.000000Z,423.665,422.944,244.221,424.324,244.906,244.683
2025-11-28T07:30:00.000000Z,INVERT:001123,,,,,235.495,11.08,100.0,,109423000,49.94,11.08,2025-11-28T07:30:00.000000Z,416.746,415.563,239.967,416.809,240.757,240.439
2025-11-28T08:00:00.000000Z,INVERT:001123,480,1.964,1.899,1.987,750.314,16.801,100.0,201,109423000,50.009,16.801,2025-11-28T08:00:00.000000Z,418.289,417.104,240.895,418.559,241.723,241.39
2025-11-28T08:30:00.000000Z,INVERT:001123,985,4.195,3.943,4.085,750.294,20.847,100.0,893,109423000,50.006,20.847,2025-11-28T08:30:00.000000Z,417.201,416.19,240.316,417.578,241.011,240.932
2025-11-28T09:00:00.000000Z,INVERT:001123,1596,6.848,6.535,6.611,750.233,23.558,100.0,1546,109425000,50.015,23.558,2025-11-28T09:00:00.000000Z,417.566,416.461,240.394,418.268,241.273,241.363
2025-11-28T09:30:00.000000Z,INVERT:001123,2544,10.722,10.497,10.523,750.211,25.279,100.0,2502,109427000,50.043,25.279,2025-11-28T09:30:00.000000Z,418.385,417.069,240.755,419.06,241.931,241.607
2025-11-28T10:00:00.000000Z,INVERT:001123,4918,20.352,20.192,20.241,750.228,28.375,100.0,4888,109432000,49.986,28.375,2025-11-28T10:00:00.000000Z,420.224,419.341,241.865,421.223,243.131,242.982
2025-11-28T10:30:00.000000Z,INVERT:001123,6297,26.198,26.04,26.057,750.139,32.472,100.0,6274,109440000,50.062,32.472,2025-11-28T10:30:00.000000Z,418.047,417.139,240.658,418.82,241.602,241.704
2025-11-28T11:00:00.000000Z,INVERT:001123,6945,28.751,28.625,28.611,750.168,36.002,100.0,6926,109449000,50.035,36.002,2025-11-28T11:00:00.000000Z,419.66,418.418,241.444,420.899,242.905,242.542
2025-11-28T11:30:00.000000Z,INVERT:001123,7209,29.893,29.741,29.753,750.168,38.638,100.0,7187,109460000,49.926,38.638,2025-11-28T11:30:00.000000Z,419.203,418.051,241.149,420.073,242.495,242.241
2025-11-28T12:00:00.000000Z,INVERT:001123,4844,20.152,20.012,20.042,750.231,39.185,100.0,4809,109470000,49.976,39.185,2025-11-28T12:00:00.000000Z,417.35,416.409,240.262,418.235,241.299,241.363
2025-11-28T12:30:00.000000Z,INVERT:001123,1864,7.926,7.652,7.717,750.143,36.972,100.0,1810,109477000,49.997,36.972,2025-11-28T12:30:00.000000Z,418.169,416.804,240.727,418.611,241.571,241.434
2025-11-28T13:00:00.000000Z,INVERT:001123,741,3.324,2.99,3.079,750.253,34.173,100.0,594,109479000,50.032,34.173,2025-11-28T13:00:00.000000Z,416.633,415.322,239.948,417.339,240.839,240.695
2025-11-28T13:30:00.000000Z,INVERT:001123,1891,7.946,7.674,7.75,750.208,30.999,100.0,1833,109480000,49.969,30.999,2025-11-28T13:30:00.000000Z,421.606,420.374,242.795,422.218,243.581,243.423
2025-11-28T14:00:00.000000Z,INVERT:001123,3770,15.609,15.391,15.437,750.217,31.162,100.0,3720,109483000,49.96,31.162,2025-11-28T14:00:00.000000Z,422.08,421.001,243.09,423.033,244.081,243.747
2025-11-28T14:30:00.000000Z,INVERT:001123,1103,4.757,4.422,4.537,750.194,30.795,100.0,1024,109488000,49.987,30.795,2025-11-28T14:30:00.000000Z,421.025,419.804,242.512,421.708,243.343,243.06
2025-11-28T15:00:00.000000Z,INVERT:001123,1017,4.404,4.071,4.176,750.229,30.373,100.0,899,109490000,50.105,30.373,2025-11-28T15:00:00.000000Z,421.386,420.31,242.9,422.058,243.453,243.259
2025-11-28T15:30:00.000000Z,INVERT:001123,455,1.908,1.827,1.87,709.64,30.008,98.947,138,109491000,50.011,30.008,2025-11-28T15:30:00.000000Z,421.315,420.114,242.757,421.739,243.372,243.094
2025-11-28T16:00:00.000000Z,INVERT:001123,,,,,38.572,26.663,87.683,,109491000,50.125,26.663,2025-11-28T16:00:00.000000Z,421.342,419.991,242.783,421.767,243.35,243.108
2025-11-28T18:00:00.000000Z,INVERT:001123,,,,,,12.208,100.0,,109491000,50.073,12.208,2025-11-28T18:00:00.000000Z,424.674,422.919,244.451,425.173,245.563,244.755
2025-11-29T04:00:00.000000Z,INVERT:001123,,,,,,8.836,69.427,,109491000,50.084,8.836,2025-11-29T04:00:00.000000Z,425.488,424.139,244.799,426.504,246.203,245.61
2025-11-29T08:00:00.000000Z,INVERT:001123,,,,,101.806,10.329,70.616,,109491000,49.941,10.329,2025-11-29T08:00:00.000000Z,423.655,422.073,243.933,424.141,245.002,244.32
2025-11-29T08:30:00.000000Z,INVERT:001123,513,2.047,1.959,2.081,675.924,15.017,94.721,232,109491000,49.953,15.017,2025-11-29T08:30:00.000000Z,425.961,424.395,245.18,426.738,246.455,245.706
2025-11-29T09:00:00.000000Z,INVERT:001123,599,2.388,2.265,2.432,750.546,18.931,100.0,396,109492000,49.958,18.931,2025-11-29T09:00:00.000000Z,425.796,424.402,245.024,426.714,246.448,245.731
2025-11-29T09:30:00.000000Z,INVERT:001123,836,3.467,3.216,3.396,749.489,20.937,100.0,731,109492000,50.004,20.937,2025-11-29T09:30:00.000000Z,425.508,423.977,244.996,426.473,246.322,245.45
2025-11-29T10:00:00.000000Z,INVERT:001123,1084,4.69,4.261,4.392,750.44,22.075,100.0,1026,109493000,50.0,22.075,2025-11-29T10:00:00.000000Z,426.695,425.435,245.753,427.566,246.871,246.279
2025-11-29T10:30:00.000000Z,INVERT:001123,983,4.252,3.849,3.986,749.815,22.924,100.0,913,109495000,50.036,22.924,2025-11-29T10:30:00.000000Z,426.525,424.97,245.595,427.268,246.761,245.998
2025-11-29T11:00:00.000000Z,INVERT:001123,859,3.758,3.332,3.497,749.423,23.388,100.0,766,109496000,49.961,23.388,2025-11-29T11:00:00.000000Z,424.513,423.382,244.56,425.561,245.639,245.137
2025-11-29T11:30:00.000000Z,INVERT:001123,1486,6.321,5.955,6.046,749.622,23.785,100.0,1424,109498000,50.043,23.785,2025-11-29T11:30:00.000000Z,424.591,423.26,244.456,425.574,245.647,245.109
2025-11-29T12:00:00.000000Z,INVERT:001123,2247,9.364,9.075,9.116,750.06,24.355,100.0,2179,109500000,50.127,24.355,2025-11-29T12:00:00.000000Z,425.626,424.478,245.061,427.15,246.47,245.984
2025-11-29T12:30:00.000000Z,INVERT:001123,1908,7.961,7.679,7.716,752.221,23.984,100.0,1845,109503000,50.134,23.984,2025-11-29T12:30:00.000000Z,427.422,425.988,246.166,428.302,247.154,246.613
2025-11-29T13:00:00.000000Z,INVERT:001123,981,4.185,3.789,3.959,753.275,23.585,100.0,897,109506000,50.101,23.585,2025-11-29T13:00:00.000000Z,428.209,426.94,246.581,429.244,247.84,247.214
2025-11-29T13:30:00.000000Z,INVERT:001123,1817,7.536,7.265,7.318,755.793,22.977,100.0,1756,109507000,50.103,22.977,2025-11-29T13:30:00.000000Z,429.23,427.563,246.924,430.207,248.398,247.614
2025-11-29T14:00:00.000000Z,INVERT:001123,1580,6.648,6.307,6.382,752.86,23.284,100.0,1522,109510000,50.088,23.284,2025-11-29T14:00:00.000000Z,427.851,426.176,246.205,428.89,247.63,246.845
2025-11-29T14:30:00.000000Z,INVERT:001123,625,2.731,2.441,2.533,750.991,24.036,100.0,406,109512000,50.046,24.036,2025-11-29T14:30:00.000000Z,426.587,425.032,245.471,427.649,246.85,246.183
2025-11-29T15:00:00.000000Z,INVERT:001123,648,2.73,2.492,2.614,753.826,24.761,100.0,453,109513000,50.008,24.761,2025-11-29T15:00:00.000000Z,428.371,426.805,246.512,429.277,247.88,247.197
2025-11-29T15:30:00.000000Z,INVERT:001123,439,1.742,1.739,1.775,415.772,23.532,79.538,52,109514000,49.967,23.532,2025-11-29T15:30:00.000000Z,427.945,425.839,246.175,428.608,247.657,246.565
2025-11-29T16:00:00.000000Z,INVERT:001123,,,,,2.769,20.638,79.268,,109514000,50.035,20.638,2025-11-29T16:00:00.000000Z,426.519,424.538,245.361,427.235,246.819,245.923
2025-11-29T18:00:00.000000Z,INVERT:001123,,,,,,10.086,60.473,,109514000,50.039,10.086,2025-11-29T18:00:00.000000Z,425.135,423.766,244.662,426.426,246.206,245.496
2025-11-30T04:00:00.000000Z,INVERT:001123,,,,,,3.656,56.595,,109514000,50.059,3.656,2025-11-30T04:00:00.000000Z,423.158,422.017,244.025,423.419,244.807,243.981
2025-11-30T07:30:00.000000Z,INVERT:001123,375,1.52,1.466,1.536,445.543,7.488,73.732,83,109514000,49.999,7.488,2025-11-30T07:30:00.000000Z,422.397,420.821,243.256,422.508,244.178,243.433
2025-11-30T08:00:00.000000Z,INVERT:001123,555,2.187,2.107,2.266,749.868,13.578,100.0,332,109514000,49.915,13.578,2025-11-30T08:00:00.000000Z,423.567,422.418,243.963,424.357,245.052,244.405
2025-11-30T08:30:00.000000Z,INVERT:001123,774,3.092,2.928,3.156,749.869,16.35,100.0,664,109514000,50.045,16.35,2025-11-30T08:30:00.000000Z,424.533,423.199,244.527,425.089,245.507,244.899
2025-11-30T09:00:00.000000Z,INVERT:001123,1073,4.471,4.23,4.378,749.798,18.287,100.0,1017,109515000,50.082,18.287,2025-11-30T09:00:00.000000Z,423.977,422.89,244.179,424.901,245.333,244.746
2025-11-30T09:30:00.000000Z,INVERT:001123,2247,9.323,9.103,9.162,749.84,19.81,100.0,2184,109517000,50.114,19.81,2025-11-30T09:30:00.000000Z,424.575,423.131,244.444,425.003,245.601,244.784
2025-11-30T10:00:00.000000Z,INVERT:001123,4681,19.294,19.065,19.132,749.875,22.247,100.0,4630,109521000,50.053,22.247,2025-11-30T10:00:00.000000Z,423.248,422.244,243.785,423.912,244.798,244.226
2025-11-30T10:30:00.000000Z,INVERT:001123,6600,27.165,27.025,26.998,749.785,25.096,100.0,6557,109528000,50.049,25.096,2025-11-30T10:30:00.000000Z,422.536,421.898,243.543,423.183,244.359,243.944
2025-11-30T11:00:00.000000Z,INVERT:001123,7478,30.676,30.539,30.565,749.834,29.478,100.0,7434,109538000,50.104,29.478,2025-11-30T11:00:00.000000Z,422.93,422.248,243.731,423.554,244.493,244.186
2025-11-30T11:30:00.000000Z,INVERT:001123,7906,32.507,32.327,32.356,749.836,33.763,100.0,7866,109550000,50.09,33.763,2025-11-30T11:30:00.000000Z,422.242,421.966,243.496,422.881,244.048,244.064
2025-11-30T12:00:00.000000Z,INVERT:001123,6794,27.937,27.773,27.755,749.712,36.141,100.0,6750,109562000,49.987,36.141,2025-11-30T12:00:00.000000Z,422.533,421.881,243.415,423.794,244.566,244.133
2025-11-30T12:30:00.000000Z,INVERT:001123,6426,26.336,26.182,26.233,749.739,37.045,100.0,6381,109573000,49.964,37.045,2025-11-30T12:30:00.000000Z,422.729,422.242,243.575,423.801,244.551,244.422
2025-11-30T13:00:00.000000Z,INVERT:001123,4249,17.527,17.314,17.344,749.776,35.468,100.0,4198,109583000,49.929,35.468,2025-11-30T13:00:00.000000Z,423.016,422.39,243.72,424.156,244.757,244.48
2025-11-30T13:30:00.000000Z,INVERT:001123,4022,16.503,16.326,16.368,749.813,33.88,100.0,3969,109589000,49.936,33.88,2025-11-30T13:30:00.000000Z,424.585,423.745,244.66,425.488,245.52,245.327
2025-11-30T14:00:00.000000Z,INVERT:001123,4706,19.28,19.118,19.152,749.843,34.809,100.0,4641,109597000,49.98,34.809,2025-11-30T14:00:00.000000Z,424.94,423.87,244.752,425.732,245.803,245.326
2025-11-30T14:30:00.000000Z,INVERT:001123,2020,8.43,8.188,8.229,749.804,33.496,100.0,1957,109603000,49.971,33.496,2025-11-30T14:30:00.000000Z,424.204,423.499,244.453,425.041,245.322,245.067
2025-11-30T15:00:00.000000Z,INVERT:001123,620,2.636,2.403,2.537,749.803,31.681,100.0,384,109606000,49.965,31.681,2025-11-30T15:00:00.000000Z,422.805,421.582,243.611,423.08,244.314,243.965
2025-11-30T15:30:00.000000Z,INVERT:001123,486,1.982,1.943,1.986,565.881,29.873,89.78,56,109607000,49.992,29.873,2025-11-30T15:30:00.000000Z,423.695,422.796,244.193,424.099,244.774,244.565
2025-11-30T16:00:00.000000Z,INVERT:001123,,,,,13.221,26.321,67.83,,109607000,50.127,26.321,2025-11-30T16:00:00.000000Z,425.093,423.937,244.968,425.21,245.751,245.247
2025-11-30T18:00:00.000000Z,INVERT:001123,,,,,,11.996,78.882,,109607000,50.027,11.996,2025-11-30T18:00:00.000000Z,427.834,427.002,246.225,429.185,247.712,247.28
2025-12-01T04:00:00.000000Z,INVERT:001123,,,,,,8.844,60.766,,109607000,49.966,8.844,2025-12-01T04:00:00.000000Z,427.87,426.372,246.305,428.072,247.224,246.538
2025-12-01T08:00:00.000000Z,INVERT:001123,341,1.378,1.379,1.413,358.622,14.064,100.0,52,109607000,49.958,14.064,2025-12-01T08:00:00.000000Z,417.506,416.892,240.81,417.961,240.898,241.363
2025-12-01T08:30:00.000000Z,INVERT:001123,528,2.141,2.122,2.189,750.01,20.165,100.0,157,109607000,50.03,20.165,2025-12-01T08:30:00.000000Z,417.522,416.459,240.674,417.87,240.911,241.237
2025-12-01T09:00:00.000000Z,INVERT:001123,639,2.548,2.51,2.658,750.031,23.548,100.0,387,109607000,50.04,23.548,2025-12-01T09:00:00.000000Z,416.529,415.501,240.113,416.447,240.262,240.485
2025-12-01T09:30:00.000000Z,INVERT:001123,784,3.151,3.097,3.244,750.077,25.159,100.0,609,109608000,50.056,25.159,2025-12-01T09:30:00.000000Z,418.452,417.511,241.203,418.524,241.432,241.728
2025-12-01T10:00:00.000000Z,INVERT:001123,933,3.767,3.654,3.82,750.032,27.242,100.0,798,109609000,49.963,27.242,2025-12-01T10:00:00.000000Z,422.782,421.839,243.722,422.857,243.877,244.2
2025-12-01T10:30:00.000000Z,INVERT:001123,1162,4.973,4.62,4.745,749.999,28.649,100.0,1047,109610000,50.081,28.649,2025-12-01T10:30:00.000000Z,423.842,423.121,244.426,424.062,244.538,244.881
2025-12-01T11:00:00.000000Z,INVERT:001123,2105,8.811,8.549,8.613,750.058,30.055,100.0,2033,109612000,50.052,30.055,2025-12-01T11:00:00.000000Z,423.086,422.07,243.791,423.329,244.248,244.39
2025-12-01T11:30:00.000000Z,INVERT:001123,1183,5.031,4.704,4.824,750.03,31.059,100.0,1073,109615000,49.986,31.059,2025-12-01T11:30:00.000000Z,424.483,423.429,244.653,424.357,244.876,244.971
2025-12-01T12:00:00.000000Z,INVERT:001123,1724,7.385,7.126,7.17,750.024,31.564,100.0,1649,109616000,50.065,31.564,2025-12-01T12:00:00.000000Z,415.999,415.014,239.724,416.171,240.1,240.154
2025-12-01T12:30:00.000000Z,INVERT:001123,2119,9.03,8.807,8.822,749.948,32.391,100.0,2051,109619000,50.025,32.391,2025-12-01T12:30:00.000000Z,416.171,414.943,239.715,416.09,240.18,240.223
2025-12-01T13:00:00.000000Z,INVERT:001123,1800,7.666,7.452,7.474,749.988,33.021,100.0,1727,109622000,49.96,33.021,2025-12-01T13:00:00.000000Z,417.291,416.279,240.448,417.168,240.776,240.861
2025-12-01T13:30:00.000000Z,INVERT:001123,1192,5.129,4.792,4.913,749.917,33.214,100.0,1089,109625000,50.074,33.214,2025-12-01T13:30:00.000000Z,420.205,419.471,242.143,420.284,242.473,242.742
2025-12-01T14:00:00.000000Z,INVERT:001123,770,3.305,3.016,3.137,749.921,33.284,100.0,564,109627000,50.055,33.284,2025-12-01T14:00:00.000000Z,424.726,424.189,244.885,425.039,245.389,245.317
2025-12-01T14:30:00.000000Z,INVERT:001123,576,2.426,2.264,2.354,750.055,33.394,100.0,236,109627000,50.042,33.394,2025-12-01T14:30:00.000000Z,423.536,422.739,244.239,423.696,244.577,244.382
2025-12-01T15:00:00.000000Z,INVERT:001123,553,2.286,2.198,2.264,749.905,33.588,100.0,124,109628000,50.006,33.588,2025-12-01T15:00:00.000000Z,422.706,421.869,243.739,422.917,244.118,243.947
2025-12-01T15:30:00.000000Z,INVERT:001123,561,2.187,2.295,2.299,225.036,31.89,85.697,,109628000,50.006,31.89,2025-12-01T15:30:00.000000Z,421.894,421.424,243.405,422.207,243.619,243.706
2025-12-01T17:30:00.000000Z,INVERT:001123,,,,,,17.16,77.652,,109628000,49.956,17.16,2025-12-01T17:30:00.000000Z,420.537,420.586,242.42,421.485,243.163,243.39
2025-12-02T03:30:00.000000Z,INVERT:001123,,,,,,7.929,83.417,,109628000,49.952,7.929,2025-12-02T03:30:00.000000Z,422.848,423.177,244.046,424.104,244.662,244.593
2025-12-02T07:30:00.000000Z,INVERT:001123,365,1.5,1.488,1.51,306.283,8.268,99.756,,109628000,50.031,8.268,2025-12-02T07:30:00.000000Z,418.49,417.638,241.167,418.365,241.774,241.378
2025-12-02T08:00:00.000000Z,INVERT:001123,603,2.426,2.399,2.509,750.032,14.378,100.0,300,109628000,50.114,14.378,2025-12-02T08:00:00.000000Z,416.39,415.515,239.872,415.889,240.403,240.187
2025-12-02T08:30:00.000000Z,INVERT:001123,792,3.188,3.17,3.298,749.855,18.577,100.0,619,109628000,50.076,18.577,2025-12-02T08:30:00.000000Z,415.74,414.839,239.61,415.301,239.971,239.795
2025-12-02T09:00:00.000000Z,INVERT:001123,1666,7.099,6.854,6.889,749.961,21.722,100.0,1583,109629000,50.079,21.722,2025-12-02T09:00:00.000000Z,418.996,417.955,241.426,418.57,241.788,241.631
2025-12-02T09:30:00.000000Z,INVERT:001123,3668,15.325,15.127,15.116,749.899,24.304,100.0,3617,109632000,50.025,24.304,2025-12-02T09:30:00.000000Z,420.048,419.448,241.985,419.78,242.66,242.388
2025-12-02T10:00:00.000000Z,INVERT:001123,3679,15.381,15.202,15.182,749.979,25.501,100.0,3632,109638000,50.11,25.501,2025-12-02T10:00:00.000000Z,419.331,418.712,241.53,419.394,242.511,242.001
2025-11-25T04:00:00.000000Z,INVERT:001124,,,,,0.128,5.866,77.294,,103989000,50.103,5.866,2025-11-25T04:00:00.000000Z,424.588,423.935,244.637,425.053,245.292,245.179
2025-11-25T07:30:00.000000Z,INVERT:001124,500,2.052,2.101,2.09,373.907,8.673,99.251,86,103989000,49.926,8.673,2025-11-25T07:30:00.000000Z,416.188,414.733,239.58,416.095,240.223,240.174
2025-11-25T08:00:00.000000Z,INVERT:001124,609,2.56,2.472,2.543,749.762,14.551,100.0,332,103990000,50.021,14.551,2025-11-25T08:00:00.000000Z,414.893,413.428,238.895,414.94,239.44,239.463
2025-11-25T08:30:00.000000Z,INVERT:001124,966,4.209,3.972,4.011,749.641,17.326,100.0,812,103990000,50.075,17.326,2025-11-25T08:30:00.000000Z,416.863,415.724,240.154,416.971,240.591,240.774
2025-11-25T09:00:00.000000Z,INVERT:001124,1156,5.033,4.78,4.802,749.639,19.313,100.0,1026,103991000,50.096,19.313,2025-11-25T09:00:00.000000Z,415.999,415.012,239.693,416.171,239.905,240.42
2025-11-25T09:30:00.000000Z,INVERT:001124,2300,9.734,9.491,9.492,749.696,20.888,100.0,2228,103993000,50.026,20.888,2025-11-25T09:30:00.000000Z,419.033,418.099,241.35,419.29,241.832,242.188
2025-11-25T10:00:00.000000Z,INVERT:001124,1510,6.478,6.207,6.22,749.688,21.874,100.0,1420,103997000,50.113,21.874,2025-11-25T10:00:00.000000Z,420.187,418.902,241.968,420.407,242.69,242.603
2025-11-25T10:30:00.000000Z,INVERT:001124,1713,7.3,7.096,7.089,749.68,22.542,100.0,1631,103999000,49.995,22.542,2025-11-25T10:30:00.000000Z,417.741,416.77,240.573,418.249,241.275,241.399
2025-11-25T11:00:00.000000Z,INVERT:001124,2070,8.732,8.547,8.534,749.661,23.362,100.0,2005,104001000,50.019,23.362,2025-11-25T11:00:00.000000Z,419.318,418.429,241.566,419.871,242.225,242.401
2025-11-25T11:30:00.000000Z,INVERT:001124,2358,9.909,9.751,9.734,749.678,23.859,100.0,2295,104005000,49.924,23.859,2025-11-25T11:30:00.000000Z,418.713,417.975,241.183,419.196,241.885,241.948
2025-11-25T12:00:00.000000Z,INVERT:001124,2377,10.01,9.816,9.82,749.65,24.52,100.0,2315,104008000,49.96,24.52,2025-11-25T12:00:00.000000Z,417.796,417.383,240.647,418.577,241.542,241.594
2025-11-25T12:30:00.000000Z,INVERT:001124,2797,11.771,11.585,11.593,749.589,24.763,100.0,2742,104012000,49.986,24.763,2025-11-25T12:30:00.000000Z,417.212,416.299,240.384,417.379,240.933,240.965
2025-11-25T13:00:00.000000Z,INVERT:001124,2028,8.591,8.359,8.403,749.66,24.851,100.0,1959,104016000,49.929,24.851,2025-11-25T13:00:00.000000Z,417.605,416.838,240.493,417.779,241.235,241.31
2025-11-25T13:30:00.000000Z,INVERT:001124,1948,8.265,8.027,8.07,749.685,25.641,100.0,1871,104019000,49.939,25.641,2025-11-25T13:30:00.000000Z,417.289,416.366,240.266,417.745,241.078,241.128
2025-11-25T14:00:00.000000Z,INVERT:001124,2156,9.094,8.851,8.877,749.622,26.161,100.0,2086,104022000,50.058,26.161,2025-11-25T14:00:00.000000Z,419.521,418.87,241.874,420.007,242.191,242.568
2025-11-25T14:30:00.000000Z,INVERT:001124,1465,6.262,5.955,6.021,749.677,26.797,100.0,1369,104025000,50.053,26.797,2025-11-25T14:30:00.000000Z,420.411,419.756,242.306,420.908,242.673,243.162
2025-11-25T15:00:00.000000Z,INVERT:001124,936,4.123,3.854,3.872,749.586,26.72,100.0,774,104027000,50.046,26.72,2025-11-25T15:00:00.000000Z,418.003,417.445,240.887,418.321,241.278,241.69
2025-11-25T15:30:00.000000Z,INVERT:001124,591,2.637,2.45,2.445,749.598,26.733,100.0,271,104028000,50.037,26.733,2025-11-25T15:30:00.000000Z,418.398,417.432,240.979,418.987,241.721,241.791
2025-11-25T16:00:00.000000Z,INVERT:001124,174,0.701,0.706,0.714,194.053,24.901,89.469,,104028000,50.006,24.901,2025-11-25T16:00:00.000000Z,419.141,418.507,241.586,419.739,242.019,242.339
2025-11-25T18:00:00.000000Z,INVERT:001124,,,,,0.392,10.506,92.021,,104028000,49.911,10.506,2025-11-25T18:00:00.000000Z,421.619,421.272,243.081,422.535,243.609,243.893
2025-11-26T04:00:00.000000Z,INVERT:001124,,,,,0.35,1.159,72.288,,104028000,49.913,1.159,2025-11-26T04:00:00.000000Z,422.188,421.847,243.41,422.751,243.945,243.97
2025-11-26T07:30:00.000000Z,INVERT:001124,523,2.198,2.084,2.177,492.143,5.419,98.069,104,104028000,49.978,5.419,2025-11-26T07:30:00.000000Z,416.71,415.511,239.851,416.655,240.69,240.544
2025-11-26T08:00:00.000000Z,INVERT:001124,653,2.717,2.594,2.706,750.663,11.63,100.0,401,104029000,50.059,11.63,2025-11-26T08:00:00.000000Z,418.324,417.085,240.809,418.112,241.508,241.449
2025-11-26T08:30:00.000000Z,INVERT:001124,805,3.402,3.264,3.353,750.678,15.133,100.0,637,104029000,50.041,15.133,2025-11-26T08:30:00.000000Z,416.385,415.139,239.59,416.495,240.603,240.396
2025-11-26T09:00:00.000000Z,INVERT:001124,1000,4.162,4.013,4.138,750.64,17.903,100.0,858,104030000,50.067,17.903,2025-11-26T09:00:00.000000Z,418.559,417.075,240.79,418.541,241.697,241.685
2025-11-26T09:30:00.000000Z,INVERT:001124,1229,5.26,4.974,5.047,750.591,20.095,100.0,1133,104031000,50.079,20.095,2025-11-26T09:30:00.000000Z,421.432,420.179,242.589,421.522,243.257,243.349
2025-11-26T10:00:00.000000Z,INVERT:001124,1757,7.458,7.22,7.256,750.654,21.833,100.0,1680,104033000,50.075,21.833,2025-11-26T10:00:00.000000Z,419.012,418.131,241.265,419.425,242.062,242.204
2025-11-26T10:30:00.000000Z,INVERT:001124,2073,8.764,8.58,8.597,750.447,23.495,100.0,2003,104036000,49.961,23.495,2025-11-26T10:30:00.000000Z,417.094,416.236,240.195,417.377,240.74,241.231
2025-11-26T11:00:00.000000Z,INVERT:001124,2293,9.674,9.457,9.494,750.597,24.624,100.0,2233,104039000,50.029,24.624,2025-11-26T11:00:00.000000Z,417.409,416.757,240.455,418.078,241.037,241.526
2025-11-26T11:30:00.000000Z,INVERT:001124,2669,11.257,11.102,11.071,750.577,24.837,100.0,2612,104043000,50.057,24.837,2025-11-26T11:30:00.000000Z,416.727,416.133,239.985,417.207,240.691,241.092
2025-11-26T12:00:00.000000Z,INVERT:001124,2866,12.09,11.889,11.857,750.583,26.225,100.0,2809,104047000,49.999,26.225,2025-11-26T12:00:00.000000Z,417.678,417.127,240.569,418.135,241.278,241.583
2025-11-26T12:30:00.000000Z,INVERT:001124,3602,15.034,14.878,14.878,750.46,27.573,100.0,3553,104051000,50.046,27.573,2025-11-26T12:30:00.000000Z,418.931,418.16,241.153,418.956,241.969,242.068
2025-11-26T13:00:00.000000Z,INVERT:001124,3208,13.461,13.316,13.337,750.614,28.6,100.0,3154,104057000,49.979,28.6,2025-11-26T13:00:00.000000Z,416.544,415.262,239.635,416.611,240.673,240.541
2025-11-26T13:30:00.000000Z,INVERT:001124,3169,13.34,13.173,13.155,750.538,29.152,100.0,3107,104062000,50.013,29.152,2025-11-26T13:30:00.000000Z,417.189,415.976,239.968,417.329,241.015,240.953
2025-11-26T14:00:00.000000Z,INVERT:001124,2327,9.774,9.602,9.593,750.433,29.476,100.0,2261,104066000,49.99,29.476,2025-11-26T14:00:00.000000Z,419.872,418.576,241.694,420.062,242.678,242.225
2025-11-26T14:30:00.000000Z,INVERT:001124,1353,5.832,5.53,5.594,750.596,29.508,100.0,1252,104070000,49.982,29.508,2025-11-26T14:30:00.000000Z,418.849,417.348,241.091,419.265,242.083,241.647
2025-11-26T15:00:00.000000Z,INVERT:001124,736,3.246,3.038,3.05,750.507,29.363,100.0,541,104072000,49.993,29.363,2025-11-26T15:00:00.000000Z,418.085,416.574,240.726,418.401,241.466,241.11
2025-11-26T15:30:00.000000Z,INVERT:001124,469,2.014,1.919,1.934,525.515,28.235,97.789,60,104072000,50.034,28.235,2025-11-26T15:30:00.000000Z,419.468,418.385,241.831,420.015,242.306,242.333
2025-11-26T16:00:00.000000Z,INVERT:001124,,,,,6.457,24.933,97.837,,104072000,50.112,24.933,2025-11-26T16:00:00.000000Z,420.783,419.8,242.34,421.259,243.204,243.152
2025-11-26T18:00:00.000000Z,INVERT:001124,,,,,0.422,11.776,80.487,,104072000,49.894,11.776,2025-11-26T18:00:00.000000Z,423.277,422.154,243.875,423.575,244.583,244.242
2025-11-27T04:00:00.000000Z,INVERT:001124,,,,,0.404,11.561,91.351,,104072000,50.044,11.561,2025-11-27T04:00:00.000000Z,425.914,424.72,245.279,426.557,246.229,245.905
2025-11-27T07:30:00.000000Z,INVERT:001124,,,,,85.609,14.173,98.533,,104072000,49.874,14.173,2025-11-27T07:30:00.000000Z,419.943,418.987,241.829,420.263,242.672,242.54
2025-11-27T08:00:00.000000Z,INVERT:001124,574,2.388,2.307,2.39,696.067,19.732,97.695,237,104072000,50.031,19.732,2025-11-27T08:00:00.000000Z,416.667,415.417,239.974,416.856,240.622,240.566
2025-11-27T08:30:00.000000Z,INVERT:001124,643,2.678,2.592,2.678,750.626,23.551,100.0,444,104073000,50.036,23.551,2025-11-27T08:30:00.000000Z,415.655,414.482,239.333,415.955,239.988,240.039
2025-11-27T09:00:00.000000Z,INVERT:001124,1164,4.958,4.771,4.843,750.629,26.837,100.0,1032,104073000,50.087,26.837,2025-11-27T09:00:00.000000Z,416.662,415.257,239.716,416.784,240.671,240.58
2025-11-27T09:30:00.000000Z,INVERT:001124,2069,8.813,8.601,8.598,750.581,29.748,100.0,2004,104075000,50.032,29.748,2025-11-27T09:30:00.000000Z,416.715,415.514,239.752,416.963,240.706,240.732
2025-11-27T10:00:00.000000Z,INVERT:001124,2516,10.602,10.375,10.409,750.626,31.844,100.0,2456,104078000,50.022,31.844,2025-11-27T10:00:00.000000Z,418.301,417.141,240.638,418.894,241.706,241.767
2025-11-27T10:30:00.000000Z,INVERT:001124,1948,8.338,8.129,8.146,750.584,33.29,100.0,1880,104082000,50.061,33.29,2025-11-27T10:30:00.000000Z,413.416,412.579,238.035,414.133,238.708,239.164
2025-11-27T11:00:00.000000Z,INVERT:001124,2734,11.564,11.442,11.436,750.639,34.31,100.0,2675,104085000,50.08,34.31,2025-11-27T11:00:00.000000Z,413.757,412.462,238.027,414.312,238.9,239.283
2025-11-27T11:30:00.000000Z,INVERT:001124,2196,9.256,9.083,9.088,750.44,35.335,100.0,2136,104090000,50.002,35.335,2025-11-27T11:30:00.000000Z,418.106,417.043,240.617,418.723,241.593,241.773
2025-11-27T12:00:00.000000Z,INVERT:001124,2332,9.8,9.609,9.599,750.571,35.921,100.0,2265,104093000,49.9,35.921,2025-11-27T12:00:00.000000Z,420.337,419.323,241.942,420.811,242.861,242.981
2025-11-27T12:30:00.000000Z,INVERT:001124,2759,11.587,11.391,11.424,750.497,36.555,100.0,2701,104096000,49.915,36.555,2025-11-27T12:30:00.000000Z,418.052,417.165,240.663,418.273,241.438,241.611
2025-11-27T13:00:00.000000Z,INVERT:001124,3473,14.539,14.364,14.376,750.627,37.585,100.0,3421,104101000,50.01,37.585,2025-11-27T13:00:00.000000Z,418.246,416.991,240.658,418.339,241.518,241.473
2025-11-27T13:30:00.000000Z,INVERT:001124,1708,7.214,6.97,7.039,750.612,37.61,100.0,1634,104106000,50.018,37.61,2025-11-27T13:30:00.000000Z,419.749,418.64,241.63,420.239,242.548,242.493
2025-11-27T14:00:00.000000Z,INVERT:001124,1151,4.943,4.654,4.731,750.594,37.28,100.0,1043,104108000,50.019,37.28,2025-11-27T14:00:00.000000Z,420.941,419.998,242.435,421.526,243.187,243.3
2025-11-27T14:30:00.000000Z,INVERT:001124,851,3.694,3.426,3.483,750.616,36.836,100.0,681,104110000,50.023,36.836,2025-11-27T14:30:00.000000Z,422.445,421.559,243.294,423.212,244.065,244.281
2025-11-27T15:00:00.000000Z,INVERT:001124,1073,4.626,4.34,4.394,750.585,36.504,100.0,942,104111000,49.911,36.504,2025-11-27T15:00:00.000000Z,421.831,421.125,243.01,422.673,243.765,243.891
2025-11-27T15:30:00.000000Z,INVERT:001124,553,2.329,2.265,2.265,513.124,35.47,90.444,159,104112000,49.934,35.47,2025-11-27T15:30:00.000000Z,422.33,421.175,243.089,423.148,244.186,244.058
2025-11-27T18:00:00.000000Z,INVERT:001124,,,,,0.347,19.009,85.954,,104112000,49.863,19.009,2025-11-27T18:00:00.000000Z,425.98,424.505,245.106,427.029,246.604,246.027
2025-11-28T04:00:00.000000Z,INVERT:001124,,,,,0.314,9.912,64.425,,104112000,50.045,9.912,2025-11-28T04:00:00.000000Z,423.377,422.731,243.906,424.461,244.855,244.835
2025-11-28T07:30:00.000000Z,INVERT:001124,,,,,250.62,11.6,100.0,,104112000,49.92,11.6,2025-11-28T07:30:00.000000Z,416.688,415.548,239.873,416.961,240.773,240.757
2025-11-28T08:00:00.000000Z,INVERT:001124,455,1.911,1.803,1.884,750.444,16.478,100.0,172,104112000,50.012,16.478,2025-11-28T08:00:00.000000Z,417.961,416.942,240.526,418.67,241.642,241.625
2025-11-28T08:30:00.000000Z,INVERT:001124,837,3.51,3.361,3.47,750.326,20.594,100.0,730,104113000,50.009,20.594,2025-11-28T08:30:00.000000Z,416.907,415.903,240.033,417.689,240.944,240.992
2025-11-28T09:00:00.000000Z,INVERT:001124,1216,5.239,4.978,5.035,750.224,23.297,100.0,1155,104114000,50.018,23.297,2025-11-28T09:00:00.000000Z,417.32,416.188,240.113,418.495,241.322,241.383
2025-11-28T09:30:00.000000Z,INVERT:001124,1631,6.913,6.659,6.744,750.252,24.67,100.0,1586,104116000,50.042,24.67,2025-11-28T09:30:00.000000Z,418.06,416.863,240.419,419.068,241.739,241.832
2025-11-28T10:00:00.000000Z,INVERT:001124,1962,8.281,8.054,8.075,750.305,26.495,100.0,1920,104118000,49.987,26.495,2025-11-28T10:00:00.000000Z,419.895,418.933,241.54,421.315,243.065,242.979
2025-11-28T10:30:00.000000Z,INVERT:001124,2169,9.155,8.93,8.974,750.228,28.115,100.0,2129,104121000,50.059,28.115,2025-11-28T10:30:00.000000Z,417.611,416.683,240.332,418.767,241.4,241.684
2025-11-28T11:00:00.000000Z,INVERT:001124,2590,10.855,10.691,10.672,750.266,29.473,100.0,2548,104125000,50.036,29.473,2025-11-28T11:00:00.000000Z,419.014,418.043,240.878,420.603,242.459,242.648
2025-11-28T11:30:00.000000Z,INVERT:001124,2827,11.841,11.657,11.676,750.21,30.735,100.0,2784,104129000,49.925,30.735,2025-11-28T11:30:00.000000Z,418.628,417.527,240.766,419.697,242.013,242.211
2025-11-28T12:00:00.000000Z,INVERT:001124,3315,13.91,13.726,13.726,750.238,32.054,100.0,3278,104133000,49.978,32.054,2025-11-28T12:00:00.000000Z,416.96,416.064,239.844,418.283,241.131,241.357
2025-11-28T12:30:00.000000Z,INVERT:001124,1789,7.579,7.343,7.403,750.083,32.616,100.0,1733,104138000,49.998,32.616,2025-11-28T12:30:00.000000Z,417.644,416.568,240.257,418.618,241.379,241.634
2025-11-28T13:00:00.000000Z,INVERT:001124,706,3.113,2.884,2.931,750.258,31.348,100.0,557,104140000,50.034,31.348,2025-11-28T13:00:00.000000Z,416.43,415.237,239.688,417.392,240.653,240.906
2025-11-28T13:30:00.000000Z,INVERT:001124,1763,7.415,7.192,7.22,750.329,28.757,100.0,1705,104141000,49.972,28.757,2025-11-28T13:30:00.000000Z,421.445,420.228,242.61,422.55,243.726,243.621
2025-11-28T14:00:00.000000Z,INVERT:001124,1637,6.872,6.624,6.703,750.279,28.909,100.0,1585,104144000,49.961,28.909,2025-11-28T14:00:00.000000Z,421.767,420.803,242.769,423.121,243.981,243.951
2025-11-28T14:30:00.000000Z,INVERT:001124,984,4.233,3.925,4.04,750.326,28.839,100.0,888,104146000,49.988,28.839,2025-11-28T14:30:00.000000Z,420.819,419.777,242.164,422.06,243.428,243.354
2025-11-28T15:00:00.000000Z,INVERT:001124,822,3.535,3.247,3.374,750.347,28.994,100.0,665,104147000,50.106,28.994,2025-11-28T15:00:00.000000Z,421.146,420.274,242.553,422.351,243.556,243.556
2025-11-28T15:30:00.000000Z,INVERT:001124,500,2.097,2.011,2.05,654.607,28.834,98.65,104,104148000,50.01,28.834,2025-11-28T15:30:00.000000Z,421.104,420.134,242.515,421.945,243.294,243.473
2025-11-28T16:00:00.000000Z,INVERT:001124,,,,,45.505,25.953,93.549,,104148000,50.141,25.953,2025-11-28T16:00:00.000000Z,421.16,420.106,242.517,422.127,243.367,243.471
2025-11-28T18:00:00.000000Z,INVERT:001124,,,,,0.137,12.04,100.0,,104148000,50.074,12.04,2025-11-28T18:00:00.000000Z,424.523,423.047,244.194,425.252,245.458,245.303
2025-11-29T04:00:00.000000Z,INVERT:001124,,,,,0.113,9.009,66.707,,104148000,50.084,9.009,2025-11-29T04:00:00.000000Z,424.978,423.723,244.366,426.859,246.377,245.744
2025-11-29T08:00:00.000000Z,INVERT:001124,,,,,86.528,10.731,76.782,,104148000,49.943,10.731,2025-11-29T08:00:00.000000Z,423.549,422.201,243.676,424.451,245.013,244.649
2025-11-29T08:30:00.000000Z,INVERT:001124,497,2.028,1.91,2.017,679.599,14.785,94.849,201,104148000,49.956,14.785,2025-11-29T08:30:00.000000Z,425.834,424.187,244.96,426.92,246.41,245.745
2025-11-29T09:00:00.000000Z,INVERT:001124,573,2.326,2.179,2.328,750.82,18.92,100.0,359,104149000,49.958,18.92,2025-11-29T09:00:00.000000Z,425.626,424.053,244.884,426.698,246.229,245.785
2025-11-29T09:30:00.000000Z,INVERT:001124,788,3.272,3.053,3.203,749.931,20.911,100.0,677,104149000,50.003,20.911,2025-11-29T09:30:00.000000Z,425.167,423.933,244.666,426.524,246.203,245.742
2025-11-29T10:00:00.000000Z,INVERT:001124,1040,4.468,4.154,4.216,751.319,22.144,100.0,982,104150000,50.003,22.144,2025-11-29T10:00:00.000000Z,426.461,425.219,245.418,427.688,246.72,246.465
2025-11-29T10:30:00.000000Z,INVERT:001124,942,4.041,3.691,3.821,749.977,23.026,100.0,868,104152000,50.035,23.026,2025-11-29T10:30:00.000000Z,426.079,424.82,245.192,427.325,246.515,246.18
2025-11-29T11:00:00.000000Z,INVERT:001124,817,3.546,3.178,3.326,749.958,23.492,100.0,714,104153000,49.961,23.492,2025-11-29T11:00:00.000000Z,424.209,423.142,244.256,425.624,245.492,245.271
2025-11-29T11:30:00.000000Z,INVERT:001124,1411,5.995,5.696,5.742,749.932,23.889,100.0,1349,104154000,50.044,23.889,2025-11-29T11:30:00.000000Z,424.314,423.05,244.116,425.641,245.466,245.248
2025-11-29T12:00:00.000000Z,INVERT:001124,2136,8.867,8.625,8.666,750.316,24.393,100.0,2071,104157000,50.126,24.393,2025-11-29T12:00:00.000000Z,425.459,424.291,244.808,427.271,246.346,246.137
2025-11-29T12:30:00.000000Z,INVERT:001124,1824,7.579,7.294,7.373,752.538,23.935,100.0,1763,104160000,50.134,23.935,2025-11-29T12:30:00.000000Z,427.234,426.063,245.876,428.661,247.299,247.004
2025-11-29T13:00:00.000000Z,INVERT:001124,930,4.011,3.646,3.751,754.16,23.455,100.0,839,104163000,50.103,23.455,2025-11-29T13:00:00.000000Z,427.973,426.775,246.33,429.469,247.825,247.348
2025-11-29T13:30:00.000000Z,INVERT:001124,1683,7.0,6.734,6.773,756.286,22.853,100.0,1625,104164000,50.104,22.853,2025-11-29T13:30:00.000000Z,429.034,427.424,246.676,430.434,248.429,247.808
2025-11-29T14:00:00.000000Z,INVERT:001124,1494,6.249,5.954,6.037,753.296,23.08,100.0,1437,104166000,50.089,23.08,2025-11-29T14:00:00.000000Z,427.529,426.061,245.835,429.075,247.554,247.095
2025-11-29T14:30:00.000000Z,INVERT:001124,606,2.621,2.344,2.452,751.625,23.742,100.0,377,104169000,50.046,23.742,2025-11-29T14:30:00.000000Z,426.439,425.01,245.248,427.975,246.919,246.447
2025-11-29T15:00:00.000000Z,INVERT:001124,628,2.663,2.431,2.534,754.501,24.608,100.0,422,104169000,50.009,24.608,2025-11-29T15:00:00.000000Z,428.372,426.564,246.32,429.622,248.028,247.331
2025-11-29T15:30:00.000000Z,INVERT:001124,478,1.941,1.917,1.935,365.182,23.708,81.708,7,104170000,49.968,23.708,2025-11-29T15:30:00.000000Z,427.578,425.752,245.835,428.633,247.482,246.819
2025-11-29T16:00:00.000000Z,INVERT:001124,,,,,2.288,21.141,75.493,,104170000,50.038,21.141,2025-11-29T16:00:00.000000Z,425.933,424.192,244.956,427.209,246.574,245.999
2025-11-29T18:00:00.000000Z,INVERT:001124,,,,,0.237,10.169,62.539,,104170000,50.037,10.169,2025-11-29T18:00:00.000000Z,424.82,423.465,244.348,426.496,246.087,245.646
2025-11-30T04:00:00.000000Z,INVERT:001124,,,,,0.228,3.944,56.595,,104170000,50.06,3.944,2025-11-30T04:00:00.000000Z,423.047,422.08,243.537,423.577,244.654,244.255
2025-11-30T07:30:00.000000Z,INVERT:001124,451,1.844,1.718,1.842,332.102,7.166,73.718,80,104170000,49.998,7.166,2025-11-30T07:30:00.000000Z,422.261,420.795,242.977,422.762,244.16,243.706
2025-11-30T08:00:00.000000Z,INVERT:001124,510,2.098,1.965,2.081,750.306,13.418,100.0,257,104170000,49.917,13.418,2025-11-30T08:00:00.000000Z,423.362,422.324,243.682,424.523,244.999,244.708
2025-11-30T08:30:00.000000Z,INVERT:001124,683,2.788,2.633,2.783,750.278,16.026,100.0,538,104170000,50.047,16.026,2025-11-30T08:30:00.000000Z,424.18,423.042,244.118,425.195,245.41,245.087
2025-11-30T09:00:00.000000Z,INVERT:001124,869,3.586,3.364,3.544,750.235,17.823,100.0,791,104171000,50.083,17.823,2025-11-30T09:00:00.000000Z,423.776,422.825,243.88,425.08,245.237,245.036
2025-11-30T09:30:00.000000Z,INVERT:001124,1053,4.416,4.16,4.291,750.251,18.831,100.0,995,104172000,50.114,18.831,2025-11-30T09:30:00.000000Z,424.364,423.051,244.148,425.272,245.65,245.102
2025-11-30T10:00:00.000000Z,INVERT:001124,1261,5.359,5.055,5.153,750.29,19.676,100.0,1209,104174000,50.053,19.676,2025-11-30T10:00:00.000000Z,422.845,422.003,243.441,423.784,244.573,244.447
2025-11-30T10:30:00.000000Z,INVERT:001124,1486,6.315,6.023,6.081,750.285,20.538,100.0,1435,104176000,50.048,20.538,2025-11-30T10:30:00.000000Z,421.973,421.437,243.113,422.991,244.078,244.003
2025-11-30T11:00:00.000000Z,INVERT:001124,1719,7.25,7.01,7.029,750.19,21.797,100.0,1666,104178000,50.104,21.797,2025-11-30T11:00:00.000000Z,422.256,421.88,243.267,423.381,244.284,244.362
2025-11-30T11:30:00.000000Z,INVERT:001124,2782,11.546,11.327,11.39,750.269,23.729,100.0,2714,104181000,50.09,23.729,2025-11-30T11:30:00.000000Z,421.647,421.3,243.013,422.596,243.721,243.941
2025-11-30T12:00:00.000000Z,INVERT:001124,2675,11.105,10.898,10.929,750.182,24.612,100.0,2608,104185000,49.987,24.612,2025-11-30T12:00:00.000000Z,422.162,421.6,243.008,423.766,244.376,244.326
2025-11-30T12:30:00.000000Z,INVERT:001124,2753,11.449,11.267,11.251,750.215,25.903,100.0,2682,104189000,49.964,25.903,2025-11-30T12:30:00.000000Z,422.396,421.746,243.21,423.759,244.397,244.319
2025-11-30T13:00:00.000000Z,INVERT:001124,2062,8.619,8.36,8.424,750.177,26.125,100.0,2000,104193000,49.931,26.125,2025-11-30T13:00:00.000000Z,422.56,421.975,243.347,424.178,244.658,244.502
2025-11-30T13:30:00.000000Z,INVERT:001124,2296,9.528,9.261,9.345,750.246,27.152,100.0,2230,104196000,49.936,27.152,2025-11-30T13:30:00.000000Z,424.346,423.468,244.372,425.81,245.645,245.41
2025-11-30T14:00:00.000000Z,INVERT:001124,1826,7.641,7.371,7.43,750.194,28.631,100.0,1763,104200000,49.979,28.631,2025-11-30T14:00:00.000000Z,424.638,423.613,244.457,425.803,245.678,245.425
2025-11-30T14:30:00.000000Z,INVERT:001124,1106,4.723,4.365,4.506,750.221,28.826,100.0,1022,104202000,49.971,28.826,2025-11-30T14:30:00.000000Z,423.927,423.375,244.1,425.287,245.31,245.245
2025-11-30T15:00:00.000000Z,INVERT:001124,572,2.472,2.226,2.342,750.245,28.538,100.0,302,104204000,49.965,28.538,2025-11-30T15:00:00.000000Z,422.515,421.468,243.277,423.274,244.291,244.129
2025-11-30T15:30:00.000000Z,INVERT:001124,479,1.966,1.903,1.957,498.32,27.293,89.391,34,104204000,49.99,27.293,2025-11-30T15:30:00.000000Z,423.478,422.614,243.927,424.424,244.888,244.666
2025-11-30T16:00:00.000000Z,INVERT:001124,,,,,8.25,23.94,67.83,,104204000,50.125,23.94,2025-11-30T16:00:00.000000Z,424.811,423.533,244.718,425.115,245.33,245.089
2025-11-30T18:00:00.000000Z,INVERT:001124,,,,,0.312,11.625,78.547,,104204000,50.026,11.625,2025-11-30T18:00:00.000000Z,427.795,426.729,246.279,429.22,247.6,247.399
2025-12-01T04:00:00.000000Z,INVERT:001124,,,,,0.235,8.984,60.766,,104204000,49.967,8.984,2025-12-01T04:00:00.000000Z,427.196,425.853,245.832,428.123,247.281,246.511
2025-12-01T08:00:00.000000Z,INVERT:001124,492,2.038,2.021,2.037,332.665,13.601,100.0,7,104204000,49.959,13.601,2025-12-01T08:00:00.000000Z,417.228,416.614,240.506,418.089,240.811,241.46
2025-12-01T08:30:00.000000Z,INVERT:001124,511,2.126,2.056,2.116,750.332,19.945,100.0,126,104204000,50.031,19.945,2025-12-01T08:30:00.000000Z,417.392,416.325,240.452,418.139,240.959,241.395
2025-12-01T09:00:00.000000Z,INVERT:001124,605,2.527,2.441,2.518,750.334,23.393,100.0,344,104205000,50.042,23.393,2025-12-01T09:00:00.000000Z,416.175,415.218,239.721,416.54,240.182,240.576
2025-12-01T09:30:00.000000Z,INVERT:001124,748,3.09,2.965,3.095,750.278,24.753,100.0,566,104205000,50.056,24.753,2025-12-01T09:30:00.000000Z,418.166,417.201,240.854,418.564,241.289,241.771
2025-12-01T10:00:00.000000Z,INVERT:001124,885,3.651,3.507,3.624,750.327,27.315,100.0,743,104206000,49.963,27.315,2025-12-01T10:00:00.000000Z,422.454,421.649,243.425,423.006,243.815,244.386
2025-12-01T10:30:00.000000Z,INVERT:001124,1117,4.748,4.466,4.56,750.258,28.813,100.0,1000,104207000,50.082,28.813,2025-12-01T10:30:00.000000Z,423.492,422.838,244.049,424.201,244.478,244.987
2025-12-01T11:00:00.000000Z,INVERT:001124,1993,8.361,8.138,8.154,750.19,30.277,100.0,1920,104209000,50.051,30.277,2025-12-01T11:00:00.000000Z,422.766,421.78,243.455,423.363,244.116,244.495
2025-12-01T11:30:00.000000Z,INVERT:001124,1132,4.836,4.549,4.616,750.521,31.293,100.0,1017,104212000,49.987,31.293,2025-12-01T11:30:00.000000Z,424.287,423.373,244.319,424.727,244.963,245.211
2025-12-01T12:00:00.000000Z,INVERT:001124,1640,7.025,6.797,6.822,750.302,31.787,100.0,1564,104213000,50.064,31.787,2025-12-01T12:00:00.000000Z,415.727,414.875,239.492,416.255,239.999,240.385
2025-12-01T12:30:00.000000Z,INVERT:001124,2015,8.574,8.368,8.388,750.192,32.638,100.0,1945,104216000,50.026,32.638,2025-12-01T12:30:00.000000Z,415.916,414.749,239.49,416.237,240.139,240.377
2025-12-01T13:00:00.000000Z,INVERT:001124,1725,7.35,7.137,7.162,750.271,33.325,100.0,1651,104219000,49.959,33.325,2025-12-01T13:00:00.000000Z,416.922,415.987,240.099,417.126,240.592,241.015
2025-12-01T13:30:00.000000Z,INVERT:001124,1144,4.908,4.625,4.713,750.252,33.541,100.0,1038,104221000,50.074,33.541,2025-12-01T13:30:00.000000Z,420.07,419.246,242.05,420.454,242.434,242.859
2025-12-01T14:00:00.000000Z,INVERT:001124,737,3.152,2.918,3.005,750.322,33.619,100.0,517,104223000,50.056,33.619,2025-12-01T14:00:00.000000Z,424.451,423.851,244.626,425.11,245.259,245.331
2025-12-01T14:30:00.000000Z,INVERT:001124,555,2.35,2.207,2.268,750.272,33.784,100.0,204,104224000,50.044,33.784,2025-12-01T14:30:00.000000Z,423.293,422.722,243.996,423.82,244.445,244.77
2025-12-01T15:00:00.000000Z,INVERT:001124,542,2.239,2.165,2.218,750.267,33.996,100.0,95,104224000,50.007,33.996,2025-12-01T15:00:00.000000Z,422.491,421.822,243.473,423.114,244.065,244.189
2025-12-01T15:30:00.000000Z,INVERT:001124,548,2.179,2.195,2.243,223.867,32.108,87.95,,104224000,50.004,32.108,2025-12-01T15:30:00.000000Z,421.579,421.291,243.166,422.352,243.563,243.841
2025-12-01T17:30:00.000000Z,INVERT:001124,,,,,0.33,17.549,76.892,,104224000,49.953,17.549,2025-12-01T17:30:00.000000Z,420.297,420.04,242.173,421.726,243.15,243.166
2025-12-02T03:30:00.000000Z,INVERT:001124,,,,,0.357,8.072,87.752,,104224000,49.952,8.072,2025-12-02T03:30:00.000000Z,422.376,422.787,243.982,423.838,244.277,244.603
2025-12-02T07:30:00.000000Z,INVERT:001124,,,,,195.406,8.047,100.0,,104224000,50.029,8.047,2025-12-02T07:30:00.000000Z,417.845,417.284,240.584,418.207,241.457,241.453
2025-12-02T08:00:00.000000Z,INVERT:001124,560,2.36,2.271,2.328,750.502,13.982,100.0,230,104224000,50.117,13.982,2025-12-02T08:00:00.000000Z,416.164,415.372,239.624,416.05,240.338,240.444
2025-12-02T08:30:00.000000Z,INVERT:001124,746,3.102,3.048,3.105,750.292,18.264,100.0,564,104225000,50.076,18.264,2025-12-02T08:30:00.000000Z,415.439,414.796,239.222,415.582,239.996,240.092
2025-12-02T09:00:00.000000Z,INVERT:001124,1540,6.517,6.307,6.364,750.378,21.489,100.0,1452,104226000,50.079,21.489,2025-12-02T09:00:00.000000Z,418.684,417.859,241.025,418.757,241.746,241.9
2025-12-02T09:30:00.000000Z,INVERT:001124,2574,10.764,10.583,10.608,750.363,24.126,100.0,2514,104228000,50.027,24.126,2025-12-02T09:30:00.000000Z,419.913,419.356,241.84,419.917,242.559,242.61
2025-12-02T10:00:00.000000Z,INVERT:001124,1749,7.418,7.162,7.217,750.254,23.785,100.0,1683,104232000,50.11,23.785,2025-12-02T10:00:00.000000Z,418.745,418.178,240.992,419.297,242.289,241.863
