timestamp,emigId,poaIrradiance,ts:
2025-11-01T00:00:00.000000Z,WETH:000274,0.0,2025-11-01T00:00:00.000000Z
2025-11-01T00:30:00.000000Z,WETH:000274,-0.333,2025-11-01T00:30:00.000000Z
2025-11-01T01:00:00.000000Z,WETH:000274,-0.5,2025-11-01T01:00:00.000000Z
2025-11-01T01:30:00.000000Z,WETH:000274,-0.333,2025-11-01T01:30:00.000000Z
2025-11-01T02:00:00.000000Z,WETH:000274,-1.0,2025-11-01T02:00:00.000000Z
2025-11-01T02:30:00.000000Z,WETH:000274,-0.833,2025-11-01T02:30:00.000000Z
2025-11-01T03:00:00.000000Z,WETH:000274,0.0,2025-11-01T03:00:00.000000Z
2025-11-01T03:30:00.000000Z,WETH:000274,-0.5,2025-11-01T03:30:00.000000Z
2025-11-01T04:00:00.000000Z,WETH:000274,0.0,2025-11-01T04:00:00.000000Z
2025-11-01T04:30:00.000000Z,WETH:000274,-0.5,2025-11-01T04:30:00.000000Z
2025-11-01T05:00:00.000000Z,WETH:000274,-0.5,2025-11-01T05:00:00.000000Z
2025-11-01T05:30:00.000000Z,WETH:000274,-0.167,2025-11-01T05:30:00.000000Z
2025-11-01T06:00:00.000000Z,WETH:000274,0.0,2025-11-01T06:00:00.000000Z
2025-11-01T06:30:00.000000Z,WETH:000274,0.0,2025-11-01T06:30:00.000000Z
2025-11-01T07:00:00.000000Z,WETH:000274,0.333,2025-11-01T07:00:00.000000Z
2025-11-01T07:30:00.000000Z,WETH:000274,5.333,2025-11-01T07:30:00.000000Z
2025-11-01T08:00:00.000000Z,WETH:000274,24.333,2025-11-01T08:00:00.000000Z
2025-11-01T08:30:00.000000Z,WETH:000274,45.833,2025-11-01T08:30:00.000000Z
2025-11-01T09:00:00.000000Z,WETH:000274,24.0,2025-11-01T09:00:00.000000Z
2025-11-01T09:30:00.000000Z,WETH:000274,52.0,2025-11-01T09:30:00.000000Z
2025-11-01T10:00:00.000000Z,WETH:000274,238.667,2025-11-01T10:00:00.000000Z
2025-11-01T10:30:00.000000Z,WETH:000274,148.0,2025-11-01T10:30:00.000000Z
2025-11-01T11:00:00.000000Z,WETH:000274,233.333,2025-11-01T11:00:00.000000Z
2025-11-01T11:30:00.000000Z,WETH:000274,183.333,2025-11-01T11:30:00.000000Z
2025-11-01T12:00:00.000000Z,WETH:000274,308.0,2025-11-01T12:00:00.000000Z
2025-11-01T12:30:00.000000Z,WETH:000274,174.833,2025-11-01T12:30:00.000000Z
2025-11-01T13:00:00.000000Z,WETH:000274,56.667,2025-11-01T13:00:00.000000Z
2025-11-01T13:30:00.000000Z,WETH:000274,99.667,2025-11-01T13:30:00.000000Z
2025-11-01T14:00:00.000000Z,WETH:000274,105.0,2025-11-01T14:00:00.000000Z
2025-11-01T14:30:00.000000Z,WETH:000274,60.167,2025-11-01T14:30:00.000000Z
2025-11-01T15:00:00.000000Z,WETH:000274,25.0,2025-11-01T15:00:00.000000Z
2025-11-01T15:30:00.000000Z,WETH:000274,57.167,2025-11-01T15:30:00.000000Z
2025-11-01T16:00:00.000000Z,WETH:000274,22.667,2025-11-01T16:00:00.000000Z
2025-11-01T16:30:00.000000Z,WETH:000274,5.0,2025-11-01T16:30:00.000000Z
2025-11-01T17:00:00.000000Z,WETH:000274,-0.167,2025-11-01T17:00:00.000000Z
2025-11-01T17:30:00.000000Z,WETH:000274,-1.0,2025-11-01T17:30:00.000000Z
2025-11-01T18:00:00.000000Z,WETH:000274,-1.0,2025-11-01T18:00:00.000000Z
2025-11-01T18:30:00.000000Z,WETH:000274,-1.0,2025-11-01T18:30:00.000000Z
2025-11-01T19:00:00.000000Z,WETH:000274,-1.0,2025-11-01T19:00:00.000000Z
2025-11-01T19:30:00.000000Z,WETH:000274,-1.0,2025-11-01T19:30:00.000000Z
2025-11-01T20:00:00.000000Z,WETH:000274,-1.0,2025-11-01T20:00:00.000000Z
2025-11-01T20:30:00.000000Z,WETH:000274,-1.0,2025-11-01T20:30:00.000000Z
2025-11-01T21:00:00.000000Z,WETH:000274,-1.0,2025-11-01T21:00:00.000000Z
2025-11-01T21:30:00.000000Z,WETH:000274,-1.0,2025-11-01T21:30:00.000000Z
2025-11-01T22:00:00.000000Z,WETH:000274,-1.0,2025-11-01T22:00:00.000000Z
2025-11-01T22:30:00.000000Z,WETH:000274,-1.0,2025-11-01T22:30:00.000000Z
2025-11-01T23:00:00.000000Z,WETH:000274,-1.0,2025-11-01T23:00:00.000000Z
2025-11-01T23:30:00.000000Z,WETH:000274,-0.833,2025-11-01T23:30:00.000000Z
2025-11-02T00:00:00.000000Z,WETH:000274,0.0,2025-11-02T00:00:00.000000Z
2025-11-02T00:30:00.000000Z,WETH:000274,0.0,2025-11-02T00:30:00.000000Z
2025-11-02T01:00:00.000000Z,WETH:000274,0.0,2025-11-02T01:00:00.000000Z
2025-11-02T01:30:00.000000Z,WETH:000274,0.0,2025-11-02T01:30:00.000000Z
2025-11-02T02:00:00.000000Z,WETH:000274,0.0,2025-11-02T02:00:00.000000Z
2025-11-02T02:30:00.000000Z,WETH:000274,0.0,2025-11-02T02:30:00.000000Z
2025-11-02T03:00:00.000000Z,WETH:000274,0.0,2025-11-02T03:00:00.000000Z
2025-11-02T03:30:00.000000Z,WETH:000274,0.0,2025-11-02T03:30:00.000000Z
2025-11-02T04:00:00.000000Z,WETH:000274,-0.833,2025-11-02T04:00:00.000000Z
2025-11-02T04:30:00.000000Z,WETH:000274,-0.833,2025-11-02T04:30:00.000000Z
2025-11-02T05:00:00.000000Z,WETH:000274,0.0,2025-11-02T05:00:00.000000Z
2025-11-02T05:30:00.000000Z,WETH:000274,0.0,2025-11-02T05:30:00.000000Z
2025-11-02T06:00:00.000000Z,WETH:000274,0.0,2025-11-02T06:00:00.000000Z
2025-11-02T06:30:00.000000Z,WETH:000274,0.0,2025-11-02T06:30:00.000000Z
2025-11-02T07:00:00.000000Z,WETH:000274,2.667,2025-11-02T07:00:00.000000Z
2025-11-02T07:30:00.000000Z,WETH:000274,20.2,2025-11-02T07:30:00.000000Z
2025-11-02T08:00:00.000000Z,WETH:000274,67.5,2025-11-02T08:00:00.000000Z
2025-11-02T08:30:00.000000Z,WETH:000274,109.667,2025-11-02T08:30:00.000000Z
2025-11-02T09:00:00.000000Z,WETH:000274,339.5,2025-11-02T09:00:00.000000Z
2025-11-02T09:30:00.000000Z,WETH:000274,370.0,2025-11-02T09:30:00.000000Z
2025-11-02T10:00:00.000000Z,WETH:000274,287.667,2025-11-02T10:00:00.000000Z
2025-11-02T10:30:00.000000Z,WETH:000274,519.333,2025-11-02T10:30:00.000000Z
2025-11-02T11:00:00.000000Z,WETH:000274,619.5,2025-11-02T11:00:00.000000Z
2025-11-02T11:30:00.000000Z,WETH:000274,632.833,2025-11-02T11:30:00.000000Z
2025-11-02T12:00:00.000000Z,WETH:000274,619.5,2025-11-02T12:00:00.000000Z
2025-11-02T12:30:00.000000Z,WETH:000274,469.167,2025-11-02T12:30:00.000000Z
2025-11-02T13:00:00.000000Z,WETH:000274,112.333,2025-11-02T13:00:00.000000Z
2025-11-02T13:30:00.000000Z,WETH:000274,317.0,2025-11-02T13:30:00.000000Z
2025-11-02T14:00:00.000000Z,WETH:000274,303.667,2025-11-02T14:00:00.000000Z
2025-11-02T14:30:00.000000Z,WETH:000274,253.667,2025-11-02T14:30:00.000000Z
2025-11-02T15:00:00.000000Z,WETH:000274,148.833,2025-11-02T15:00:00.000000Z
2025-11-02T15:30:00.000000Z,WETH:000274,72.5,2025-11-02T15:30:00.000000Z
2025-11-02T16:00:00.000000Z,WETH:000274,22.667,2025-11-02T16:00:00.000000Z
2025-11-02T16:30:00.000000Z,WETH:000274,0.833,2025-11-02T16:30:00.000000Z
2025-11-02T17:00:00.000000Z,WETH:000274,-0.5,2025-11-02T17:00:00.000000Z
2025-11-02T17:30:00.000000Z,WETH:000274,-0.833,2025-11-02T17:30:00.000000Z
2025-11-02T18:00:00.000000Z,WETH:000274,-1.167,2025-11-02T18:00:00.000000Z
2025-11-02T18:30:00.000000Z,WETH:000274,-1.667,2025-11-02T18:30:00.000000Z
2025-11-02T19:00:00.000000Z,WETH:000274,-0.667,2025-11-02T19:00:00.000000Z
2025-11-02T19:30:00.000000Z,WETH:000274,-0.2,2025-11-02T19:30:00.000000Z
2025-11-02T20:00:00.000000Z,WETH:000274,0.0,2025-11-02T20:00:00.000000Z
2025-11-02T20:30:00.000000Z,WETH:000274,-0.167,2025-11-02T20:30:00.000000Z
2025-11-02T21:00:00.000000Z,WETH:000274,0.0,2025-11-02T21:00:00.000000Z
2025-11-02T21:30:00.000000Z,WETH:000274,-0.667,2025-11-02T21:30:00.000000Z
2025-11-02T22:00:00.000000Z,WETH:000274,-0.167,2025-11-02T22:00:00.000000Z
2025-11-02T22:30:00.000000Z,WETH:000274,0.0,2025-11-02T22:30:00.000000Z
2025-11-02T23:00:00.000000Z,WETH:000274,0.0,2025-11-02T23:00:00.000000Z
2025-11-02T23:30:00.000000Z,WETH:000274,-0.167,2025-11-02T23:30:00.000000Z
2025-11-03T00:00:00.000000Z,WETH:000274,-0.167,2025-11-03T00:00:00.000000Z
2025-11-03T00:30:00.000000Z,WETH:000274,0.0,2025-11-03T00:30:00.000000Z
2025-11-03T01:00:00.000000Z,WETH:000274,0.0,2025-11-03T01:00:00.000000Z
2025-11-03T01:30:00.000000Z,WETH:000274,0.0,2025-11-03T01:30:00.000000Z
2025-11-03T02:00:00.000000Z,WETH:000274,0.0,2025-11-03T02:00:00.000000Z
2025-11-03T02:30:00.000000Z,WETH:000274,0.0,2025-11-03T02:30:00.000000Z
2025-11-03T03:00:00.000000Z,WETH:000274,0.0,2025-11-03T03:00:00.000000Z
2025-11-03T03:30:00.000000Z,WETH:000274,0.0,2025-11-03T03:30:00.000000Z
2025-11-03T04:00:00.000000Z,WETH:000274,0.0,2025-11-03T04:00:00.000000Z
2025-11-03T04:30:00.000000Z,WETH:000274,0.0,2025-11-03T04:30:00.000000Z
2025-11-03T05:00:00.000000Z,WETH:000274,0.0,2025-11-03T05:00:00.000000Z
2025-11-03T05:30:00.000000Z,WETH:000274,0.0,2025-11-03T05:30:00.000000Z
2025-11-03T06:00:00.000000Z,WETH:000274,0.0,2025-11-03T06:00:00.000000Z
2025-11-03T06:30:00.000000Z,WETH:000274,0.0,2025-11-03T06:30:00.000000Z
2025-11-03T07:00:00.000000Z,WETH:000274,0.2,2025-11-03T07:00:00.000000Z
2025-11-03T07:30:00.000000Z,WETH:000274,4.667,2025-11-03T07:30:00.000000Z
2025-11-03T08:00:00.000000Z,WETH:000274,10.167,2025-11-03T08:00:00.000000Z
2025-11-03T08:30:00.000000Z,WETH:000274,14.167,2025-11-03T08:30:00.000000Z
2025-11-03T09:00:00.000000Z,WETH:000274,22.333,2025-11-03T09:00:00.000000Z
2025-11-03T09:30:00.000000Z,WETH:000274,57.667,2025-11-03T09:30:00.000000Z
2025-11-03T10:00:00.000000Z,WETH:000274,88.667,2025-11-03T10:00:00.000000Z
2025-11-03T10:30:00.000000Z,WETH:000274,60.333,2025-11-03T10:30:00.000000Z
2025-11-03T11:00:00.000000Z,WETH:000274,77.0,2025-11-03T11:00:00.000000Z
2025-11-03T11:30:00.000000Z,WETH:000274,61.833,2025-11-03T11:30:00.000000Z
2025-11-03T12:00:00.000000Z,WETH:000274,49.167,2025-11-03T12:00:00.000000Z
2025-11-03T12:30:00.000000Z,WETH:000274,63.333,2025-11-03T12:30:00.000000Z
2025-11-03T13:00:00.000000Z,WETH:000274,59.667,2025-11-03T13:00:00.000000Z
2025-11-03T13:30:00.000000Z,WETH:000274,38.167,2025-11-03T13:30:00.000000Z
2025-11-03T14:00:00.000000Z,WETH:000274,53.0,2025-11-03T14:00:00.000000Z
2025-11-03T14:30:00.000000Z,WETH:000274,36.0,2025-11-03T14:30:00.000000Z
2025-11-03T15:00:00.000000Z,WETH:000274,25.5,2025-11-03T15:00:00.000000Z
2025-11-03T15:30:00.000000Z,WETH:000274,42.167,2025-11-03T15:30:00.000000Z
2025-11-03T16:00:00.000000Z,WETH:000274,14.0,2025-11-03T16:00:00.000000Z
2025-11-03T16:30:00.000000Z,WETH:000274,0.5,2025-11-03T16:30:00.000000Z
2025-11-03T17:00:00.000000Z,WETH:000274,0.0,2025-11-03T17:00:00.000000Z
2025-11-03T17:30:00.000000Z,WETH:000274,-0.333,2025-11-03T17:30:00.000000Z
2025-11-03T18:00:00.000000Z,WETH:000274,-1.0,2025-11-03T18:00:00.000000Z
2025-11-03T18:30:00.000000Z,WETH:000274,-0.167,2025-11-03T18:30:00.000000Z
2025-11-03T19:00:00.000000Z,WETH:000274,0.0,2025-11-03T19:00:00.000000Z
2025-11-03T19:30:00.000000Z,WETH:000274,0.0,2025-11-03T19:30:00.000000Z
2025-11-03T20:00:00.000000Z,WETH:000274,0.0,2025-11-03T20:00:00.000000Z
2025-11-03T20:30:00.000000Z,WETH:000274,0.0,2025-11-03T20:30:00.000000Z
2025-11-03T21:00:00.000000Z,WETH:000274,0.0,2025-11-03T21:00:00.000000Z
2025-11-03T21:30:00.000000Z,WETH:000274,-0.833,2025-11-03T21:30:00.000000Z
2025-11-03T22:00:00.000000Z,WETH:000274,-0.333,2025-11-03T22:00:00.000000Z
2025-11-03T22:30:00.000000Z,WETH:000274,0.0,2025-11-03T22:30:00.000000Z
2025-11-03T23:00:00.000000Z,WETH:000274,0.0,2025-11-03T23:00:00.000000Z
2025-11-03T23:30:00.000000Z,WETH:000274,0.0,2025-11-03T23:30:00.000000Z
2025-11-04T00:00:00.000000Z,WETH:000274,0.0,2025-11-04T00:00:00.000000Z
2025-11-04T00:30:00.000000Z,WETH:000274,0.0,2025-11-04T00:30:00.000000Z
2025-11-04T01:00:00.000000Z,WETH:000274,0.0,2025-11-04T01:00:00.000000Z
2025-11-04T01:30:00.000000Z,WETH:000274,-0.333,2025-11-04T01:30:00.000000Z
2025-11-04T02:00:00.000000Z,WETH:000274,-0.333,2025-11-04T02:00:00.000000Z
2025-11-04T02:30:00.000000Z,WETH:000274,0.0,2025-11-04T02:30:00.000000Z
2025-11-04T03:00:00.000000Z,WETH:000274,0.0,2025-11-04T03:00:00.000000Z
2025-11-04T03:30:00.000000Z,WETH:000274,0.0,2025-11-04T03:30:00.000000Z
2025-11-04T04:00:00.000000Z,WETH:000274,0.0,2025-11-04T04:00:00.000000Z
2025-11-04T04:30:00.000000Z,WETH:000274,0.0,2025-11-04T04:30:00.000000Z
2025-11-04T05:00:00.000000Z,WETH:000274,0.0,2025-11-04T05:00:00.000000Z
2025-11-04T05:30:00.000000Z,WETH:000274,0.0,2025-11-04T05:30:00.000000Z
2025-11-04T06:00:00.000000Z,WETH:000274,0.0,2025-11-04T06:00:00.000000Z
2025-11-04T06:30:00.000000Z,WETH:000274,0.0,2025-11-04T06:30:00.000000Z
2025-11-04T07:00:00.000000Z,WETH:000274,0.167,2025-11-04T07:00:00.000000Z
2025-11-04T07:30:00.000000Z,WETH:000274,4.5,2025-11-04T07:30:00.000000Z
2025-11-04T08:00:00.000000Z,WETH:000274,13.667,2025-11-04T08:00:00.000000Z
2025-11-04T08:30:00.000000Z,WETH:000274,16.333,2025-11-04T08:30:00.000000Z
2025-11-04T09:00:00.000000Z,WETH:000274,28.167,2025-11-04T09:00:00.000000Z
2025-11-04T09:30:00.000000Z,WETH:000274,48.667,2025-11-04T09:30:00.000000Z
2025-11-04T10:00:00.000000Z,WETH:000274,81.0,2025-11-04T10:00:00.000000Z
2025-11-04T10:30:00.000000Z,WETH:000274,79.167,2025-11-04T10:30:00.000000Z
2025-11-04T11:00:00.000000Z,WETH:000274,103.5,2025-11-04T11:00:00.000000Z
2025-11-04T11:30:00.000000Z,WETH:000274,87.667,2025-11-04T11:30:00.000000Z
2025-11-04T12:00:00.000000Z,WETH:000274,52.833,2025-11-04T12:00:00.000000Z
2025-11-04T12:30:00.000000Z,WETH:000274,70.167,2025-11-04T12:30:00.000000Z
2025-11-04T13:00:00.000000Z,WETH:000274,67.333,2025-11-04T13:00:00.000000Z
2025-11-04T13:30:00.000000Z,WETH:000274,43.833,2025-11-04T13:30:00.000000Z
2025-11-04T14:00:00.000000Z,WETH:000274,27.0,2025-11-04T14:00:00.000000Z
2025-11-04T14:30:00.000000Z,WETH:000274,27.0,2025-11-04T14:30:00.000000Z
2025-11-04T15:00:00.000000Z,WETH:000274,21.667,2025-11-04T15:00:00.000000Z
2025-11-04T15:30:00.000000Z,WETH:000274,12.5,2025-11-04T15:30:00.000000Z
2025-11-04T16:00:00.000000Z,WETH:000274,3.333,2025-11-04T16:00:00.000000Z
2025-11-04T16:30:00.000000Z,WETH:000274,-0.167,2025-11-04T16:30:00.000000Z
2025-11-04T17:00:00.000000Z,WETH:000274,-0.333,2025-11-04T17:00:00.000000Z
2025-11-04T17:30:00.000000Z,WETH:000274,0.0,2025-11-04T17:30:00.000000Z
2025-11-04T18:00:00.000000Z,WETH:000274,0.0,2025-11-04T18:00:00.000000Z
2025-11-04T18:30:00.000000Z,WETH:000274,0.0,2025-11-04T18:30:00.000000Z
2025-11-04T19:00:00.000000Z,WETH:000274,0.0,2025-11-04T19:00:00.000000Z
2025-11-04T19:30:00.000000Z,WETH:000274,0.0,2025-11-04T19:30:00.000000Z
2025-11-04T20:00:00.000000Z,WETH:000274,0.0,2025-11-04T20:00:00.000000Z
2025-11-04T20:30:00.000000Z,WETH:000274,0.0,2025-11-04T20:30:00.000000Z
2025-11-04T21:00:00.000000Z,WETH:000274,0.0,2025-11-04T21:00:00.000000Z
2025-11-04T21:30:00.000000Z,WETH:000274,0.0,2025-11-04T21:30:00.000000Z
2025-11-04T22:00:00.000000Z,WETH:000274,0.0,2025-11-04T22:00:00.000000Z
2025-11-04T22:30:00.000000Z,WETH:000274,0.0,2025-11-04T22:30:00.000000Z
2025-11-04T23:00:00.000000Z,WETH:000274,0.0,2025-11-04T23:00:00.000000Z
2025-11-04T23:30:00.000000Z,WETH:000274,0.0,2025-11-04T23:30:00.000000Z
2025-11-05T00:00:00.000000Z,WETH:000274,0.0,2025-11-05T00:00:00.000000Z
2025-11-05T00:30:00.000000Z,WETH:000274,0.0,2025-11-05T00:30:00.000000Z
2025-11-05T01:00:00.000000Z,WETH:000274,0.0,2025-11-05T01:00:00.000000Z
2025-11-05T01:30:00.000000Z,WETH:000274,0.0,2025-11-05T01:30:00.000000Z
2025-11-05T02:00:00.000000Z,WETH:000274,0.0,2025-11-05T02:00:00.000000Z
2025-11-05T02:30:00.000000Z,WETH:000274,0.0,2025-11-05T02:30:00.000000Z
2025-11-05T03:00:00.000000Z,WETH:000274,0.0,2025-11-05T03:00:00.000000Z
2025-11-05T03:30:00.000000Z,WETH:000274,0.0,2025-11-05T03:30:00.000000Z
2025-11-05T04:00:00.000000Z,WETH:000274,0.0,2025-11-05T04:00:00.000000Z
2025-11-05T04:30:00.000000Z,WETH:000274,0.0,2025-11-05T04:30:00.000000Z
2025-11-05T05:00:00.000000Z,WETH:000274,0.0,2025-11-05T05:00:00.000000Z
2025-11-05T05:30:00.000000Z,WETH:000274,0.0,2025-11-05T05:30:00.000000Z
2025-11-05T06:00:00.000000Z,WETH:000274,0.0,2025-11-05T06:00:00.000000Z
2025-11-05T06:30:00.000000Z,WETH:000274,0.0,2025-11-05T06:30:00.000000Z
2025-11-05T07:00:00.000000Z,WETH:000274,0.333,2025-11-05T07:00:00.000000Z
2025-11-05T07:30:00.000000Z,WETH:000274,5.0,2025-11-05T07:30:00.000000Z
2025-11-05T08:00:00.000000Z,WETH:000274,10.333,2025-11-05T08:00:00.000000Z
2025-11-05T08:30:00.000000Z,WETH:000274,23.0,2025-11-05T08:30:00.000000Z
2025-11-05T09:00:00.000000Z,WETH:000274,42.667,2025-11-05T09:00:00.000000Z
2025-11-05T09:30:00.000000Z,WETH:000274,34.833,2025-11-05T09:30:00.000000Z
2025-11-05T10:00:00.000000Z,WETH:000274,43.0,2025-11-05T10:00:00.000000Z
2025-11-05T10:30:00.000000Z,WETH:000274,239.0,2025-11-05T10:30:00.000000Z
2025-11-05T11:00:00.000000Z,WETH:000274,273.833,2025-11-05T11:00:00.000000Z
2025-11-05T11:30:00.000000Z,WETH:000274,182.833,2025-11-05T11:30:00.000000Z
2025-11-05T12:00:00.000000Z,WETH:000274,100.833,2025-11-05T12:00:00.000000Z
2025-11-05T12:30:00.000000Z,WETH:000274,83.5,2025-11-05T12:30:00.000000Z
2025-11-05T13:00:00.000000Z,WETH:000274,56.333,2025-11-05T13:00:00.000000Z
2025-11-05T13:30:00.000000Z,WETH:000274,42.5,2025-11-05T13:30:00.000000Z
2025-11-05T14:00:00.000000Z,WETH:000274,28.0,2025-11-05T14:00:00.000000Z
2025-11-05T14:30:00.000000Z,WETH:000274,60.833,2025-11-05T14:30:00.000000Z
2025-11-05T15:00:00.000000Z,WETH:000274,189.833,2025-11-05T15:00:00.000000Z
2025-11-05T15:30:00.000000Z,WETH:000274,32.333,2025-11-05T15:30:00.000000Z
2025-11-05T16:00:00.000000Z,WETH:000274,9.667,2025-11-05T16:00:00.000000Z
2025-11-05T16:30:00.000000Z,WETH:000274,0.333,2025-11-05T16:30:00.000000Z
2025-11-05T17:00:00.000000Z,WETH:000274,-1.0,2025-11-05T17:00:00.000000Z
2025-11-05T17:30:00.000000Z,WETH:000274,-0.333,2025-11-05T17:30:00.000000Z
2025-11-05T18:00:00.000000Z,WETH:000274,-0.833,2025-11-05T18:00:00.000000Z
2025-11-05T18:30:00.000000Z,WETH:000274,-0.333,2025-11-05T18:30:00.000000Z
2025-11-05T19:00:00.000000Z,WETH:000274,0.0,2025-11-05T19:00:00.000000Z
2025-11-05T19:30:00.000000Z,WETH:000274,0.0,2025-11-05T19:30:00.000000Z
2025-11-05T20:00:00.000000Z,WETH:000274,0.0,2025-11-05T20:00:00.000000Z
2025-11-05T20:30:00.000000Z,WETH:000274,-0.333,2025-11-05T20:30:00.000000Z
2025-11-05T21:00:00.000000Z,WETH:000274,-0.167,2025-11-05T21:00:00.000000Z
2025-11-05T21:30:00.000000Z,WETH:000274,0.0,2025-11-05T21:30:00.000000Z
2025-11-05T22:00:00.000000Z,WETH:000274,-0.5,2025-11-05T22:00:00.000000Z
2025-11-05T22:30:00.000000Z,WETH:000274,-1.0,2025-11-05T22:30:00.000000Z
2025-11-05T23:00:00.000000Z,WETH:000274,-0.167,2025-11-05T23:00:00.000000Z
2025-11-05T23:30:00.000000Z,WETH:000274,0.0,2025-11-05T23:30:00.000000Z
2025-11-06T00:00:00.000000Z,WETH:000274,0.0,2025-11-06T00:00:00.000000Z
2025-11-06T00:30:00.000000Z,WETH:000274,0.0,2025-11-06T00:30:00.000000Z
2025-11-06T01:00:00.000000Z,WETH:000274,0.0,2025-11-06T01:00:00.000000Z
2025-11-06T01:30:00.000000Z,WETH:000274,0.0,2025-11-06T01:30:00.000000Z
2025-11-06T02:00:00.000000Z,WETH:000274,-0.333,2025-11-06T02:00:00.000000Z
2025-11-06T02:30:00.000000Z,WETH:000274,-1.0,2025-11-06T02:30:00.000000Z
2025-11-06T03:00:00.000000Z,WETH:000274,-0.5,2025-11-06T03:00:00.000000Z
2025-11-06T03:30:00.000000Z,WETH:000274,-0.333,2025-11-06T03:30:00.000000Z
2025-11-06T04:00:00.000000Z,WETH:000274,0.0,2025-11-06T04:00:00.000000Z
2025-11-06T04:30:00.000000Z,WETH:000274,-0.5,2025-11-06T04:30:00.000000Z
2025-11-06T05:00:00.000000Z,WETH:000274,-0.667,2025-11-06T05:00:00.000000Z
2025-11-06T05:30:00.000000Z,WETH:000274,-0.5,2025-11-06T05:30:00.000000Z
2025-11-06T06:00:00.000000Z,WETH:000274,-0.667,2025-11-06T06:00:00.000000Z
2025-11-06T06:30:00.000000Z,WETH:000274,-0.833,2025-11-06T06:30:00.000000Z
2025-11-06T07:00:00.000000Z,WETH:000274,1.667,2025-11-06T07:00:00.000000Z
2025-11-06T07:30:00.000000Z,WETH:000274,25.167,2025-11-06T07:30:00.000000Z
2025-11-06T08:00:00.000000Z,WETH:000274,120.833,2025-11-06T08:00:00.000000Z
2025-11-06T08:30:00.000000Z,WETH:000274,166.333,2025-11-06T08:30:00.000000Z
2025-11-06T09:00:00.000000Z,WETH:000274,298.833,2025-11-06T09:00:00.000000Z
2025-11-06T09:30:00.000000Z,WETH:000274,375.8,2025-11-06T09:30:00.000000Z
2025-11-06T10:00:00.000000Z,WETH:000274,373.5,2025-11-06T10:00:00.000000Z
2025-11-06T10:30:00.000000Z,WETH:000274,508.333,2025-11-06T10:30:00.000000Z
2025-11-06T11:00:00.000000Z,WETH:000274,482.0,2025-11-06T11:00:00.000000Z
2025-11-06T11:30:00.000000Z,WETH:000274,401.667,2025-11-06T11:30:00.000000Z
2025-11-06T12:00:00.000000Z,WETH:000274,160.0,2025-11-06T12:00:00.000000Z
2025-11-06T12:30:00.000000Z,WETH:000274,87.167,2025-11-06T12:30:00.000000Z
2025-11-06T13:00:00.000000Z,WETH:000274,61.333,2025-11-06T13:00:00.000000Z
2025-11-06T13:30:00.000000Z,WETH:000274,67.167,2025-11-06T13:30:00.000000Z
2025-11-06T14:00:00.000000Z,WETH:000274,159.833,2025-11-06T14:00:00.000000Z
2025-11-06T14:30:00.000000Z,WETH:000274,70.5,2025-11-06T14:30:00.000000Z
2025-11-06T15:00:00.000000Z,WETH:000274,92.833,2025-11-06T15:00:00.000000Z
2025-11-06T15:30:00.000000Z,WETH:000274,41.0,2025-11-06T15:30:00.000000Z
2025-11-06T16:00:00.000000Z,WETH:000274,13.5,2025-11-06T16:00:00.000000Z
2025-11-06T16:30:00.000000Z,WETH:000274,1.0,2025-11-06T16:30:00.000000Z
2025-11-06T17:00:00.000000Z,WETH:000274,0.0,2025-11-06T17:00:00.000000Z
2025-11-06T17:30:00.000000Z,WETH:000274,0.0,2025-11-06T17:30:00.000000Z
2025-11-06T18:00:00.000000Z,WETH:000274,0.0,2025-11-06T18:00:00.000000Z
2025-11-06T18:30:00.000000Z,WETH:000274,-0.5,2025-11-06T18:30:00.000000Z
2025-11-06T19:00:00.000000Z,WETH:000274,-0.833,2025-11-06T19:00:00.000000Z
2025-11-06T19:30:00.000000Z,WETH:000274,-1.0,2025-11-06T19:30:00.000000Z
2025-11-06T20:00:00.000000Z,WETH:000274,-0.167,2025-11-06T20:00:00.000000Z
2025-11-06T20:30:00.000000Z,WETH:000274,-0.333,2025-11-06T20:30:00.000000Z
2025-11-06T21:00:00.000000Z,WETH:000274,0.0,2025-11-06T21:00:00.000000Z
2025-11-06T21:30:00.000000Z,WETH:000274,0.0,2025-11-06T21:30:00.000000Z
2025-11-06T22:00:00.000000Z,WETH:000274,0.0,2025-11-06T22:00:00.000000Z
2025-11-06T22:30:00.000000Z,WETH:000274,0.0,2025-11-06T22:30:00.000000Z
2025-11-06T23:00:00.000000Z,WETH:000274,0.0,2025-11-06T23:00:00.000000Z
2025-11-06T23:30:00.000000Z,WETH:000274,0.0,2025-11-06T23:30:00.000000Z
2025-11-07T00:00:00.000000Z,WETH:000274,0.0,2025-11-07T00:00:00.000000Z
2025-11-07T00:30:00.000000Z,WETH:000274,-0.5,2025-11-07T00:30:00.000000Z
2025-11-07T01:00:00.000000Z,WETH:000274,-1.0,2025-11-07T01:00:00.000000Z
2025-11-07T01:30:00.000000Z,WETH:000274,-1.0,2025-11-07T01:30:00.000000Z
2025-11-07T02:00:00.000000Z,WETH:000274,0.0,2025-11-07T02:00:00.000000Z
2025-11-07T02:30:00.000000Z,WETH:000274,0.0,2025-11-07T02:30:00.000000Z
2025-11-07T03:00:00.000000Z,WETH:000274,0.0,2025-11-07T03:00:00.000000Z
2025-11-07T03:30:00.000000Z,WETH:000274,0.0,2025-11-07T03:30:00.000000Z
2025-11-07T04:00:00.000000Z,WETH:000274,0.0,2025-11-07T04:00:00.000000Z
2025-11-07T04:30:00.000000Z,WETH:000274,-0.833,2025-11-07T04:30:00.000000Z
2025-11-07T05:00:00.000000Z,WETH:000274,-0.167,2025-11-07T05:00:00.000000Z
2025-11-07T05:30:00.000000Z,WETH:000274,-1.0,2025-11-07T05:30:00.000000Z
2025-11-07T06:00:00.000000Z,WETH:000274,-1.0,2025-11-07T06:00:00.000000Z
2025-11-07T06:30:00.000000Z,WETH:000274,-0.5,2025-11-07T06:30:00.000000Z
2025-11-07T07:00:00.000000Z,WETH:000274,2.333,2025-11-07T07:00:00.000000Z
2025-11-07T07:30:00.000000Z,WETH:000274,34.0,2025-11-07T07:30:00.000000Z
2025-11-07T08:00:00.000000Z,WETH:000274,116.5,2025-11-07T08:00:00.000000Z
2025-11-07T08:30:00.000000Z,WETH:000274,102.167,2025-11-07T08:30:00.000000Z
2025-11-07T09:00:00.000000Z,WETH:000274,121.167,2025-11-07T09:00:00.000000Z
2025-11-07T09:30:00.000000Z,WETH:000274,163.167,2025-11-07T09:30:00.000000Z
2025-11-07T10:00:00.000000Z,WETH:000274,151.167,2025-11-07T10:00:00.000000Z
2025-11-07T10:30:00.000000Z,WETH:000274,311.5,2025-11-07T10:30:00.000000Z
2025-11-07T11:00:00.000000Z,WETH:000274,146.8,2025-11-07T11:00:00.000000Z
2025-11-07T11:30:00.000000Z,WETH:000274,157.167,2025-11-07T11:30:00.000000Z
2025-11-07T12:00:00.000000Z,WETH:000274,52.0,2025-11-07T12:00:00.000000Z
2025-11-07T12:30:00.000000Z,WETH:000274,73.167,2025-11-07T12:30:00.000000Z
2025-11-07T13:00:00.000000Z,WETH:000274,140.167,2025-11-07T13:00:00.000000Z
2025-11-07T13:30:00.000000Z,WETH:000274,208.833,2025-11-07T13:30:00.000000Z
2025-11-07T14:00:00.000000Z,WETH:000274,294.0,2025-11-07T14:00:00.000000Z
2025-11-07T14:30:00.000000Z,WETH:000274,139.0,2025-11-07T14:30:00.000000Z
2025-11-07T15:00:00.000000Z,WETH:000274,27.833,2025-11-07T15:00:00.000000Z
2025-11-07T15:30:00.000000Z,WETH:000274,23.5,2025-11-07T15:30:00.000000Z
2025-11-07T16:00:00.000000Z,WETH:000274,11.5,2025-11-07T16:00:00.000000Z
2025-11-07T16:30:00.000000Z,WETH:000274,-0.333,2025-11-07T16:30:00.000000Z
2025-11-07T17:00:00.000000Z,WETH:000274,-0.167,2025-11-07T17:00:00.000000Z
2025-11-07T17:30:00.000000Z,WETH:000274,0.0,2025-11-07T17:30:00.000000Z
2025-11-07T18:00:00.000000Z,WETH:000274,0.0,2025-11-07T18:00:00.000000Z
2025-11-07T18:30:00.000000Z,WETH:000274,0.0,2025-11-07T18:30:00.000000Z
2025-11-07T19:00:00.000000Z,WETH:000274,0.0,2025-11-07T19:00:00.000000Z
2025-11-07T19:30:00.000000Z,WETH:000274,0.0,2025-11-07T19:30:00.000000Z
2025-11-07T20:00:00.000000Z,WETH:000274,0.0,2025-11-07T20:00:00.000000Z
2025-11-07T20:30:00.000000Z,WETH:000274,0.0,2025-11-07T20:30:00.000000Z
2025-11-07T21:00:00.000000Z,WETH:000274,0.0,2025-11-07T21:00:00.000000Z
2025-11-07T21:30:00.000000Z,WETH:000274,0.0,2025-11-07T21:30:00.000000Z
2025-11-07T22:00:00.000000Z,WETH:000274,0.0,2025-11-07T22:00:00.000000Z
2025-11-07T22:30:00.000000Z,WETH:000274,0.0,2025-11-07T22:30:00.000000Z
2025-11-07T23:00:00.000000Z,WETH:000274,0.0,2025-11-07T23:00:00.000000Z
2025-11-07T23:30:00.000000Z,WETH:000274,0.0,2025-11-07T23:30:00.000000Z
2025-11-08T00:00:00.000000Z,WETH:000274,0.0,2025-11-08T00:00:00.000000Z
2025-11-08T00:30:00.000000Z,WETH:000274,0.0,2025-11-08T00:30:00.000000Z
2025-11-08T01:00:00.000000Z,WETH:000274,0.0,2025-11-08T01:00:00.000000Z
2025-11-08T01:30:00.000000Z,WETH:000274,0.0,2025-11-08T01:30:00.000000Z
2025-11-08T02:00:00.000000Z,WETH:000274,0.0,2025-11-08T02:00:00.000000Z
2025-11-08T02:30:00.000000Z,WETH:000274,0.0,2025-11-08T02:30:00.000000Z
2025-11-08T03:00:00.000000Z,WETH:000274,0.0,2025-11-08T03:00:00.000000Z
2025-11-08T03:30:00.000000Z,WETH:000274,0.0,2025-11-08T03:30:00.000000Z
2025-11-08T04:00:00.000000Z,WETH:000274,0.0,2025-11-08T04:00:00.000000Z
2025-11-08T04:30:00.000000Z,WETH:000274,0.0,2025-11-08T04:30:00.000000Z
2025-11-08T05:00:00.000000Z,WETH:000274,0.0,2025-11-08T05:00:00.000000Z
2025-11-08T05:30:00.000000Z,WETH:000274,0.0,2025-11-08T05:30:00.000000Z
2025-11-08T06:00:00.000000Z,WETH:000274,0.0,2025-11-08T06:00:00.000000Z
2025-11-08T06:30:00.000000Z,WETH:000274,0.0,2025-11-08T06:30:00.000000Z
2025-11-08T07:00:00.000000Z,WETH:000274,0.833,2025-11-08T07:00:00.000000Z
2025-11-08T07:30:00.000000Z,WETH:000274,8.167,2025-11-08T07:30:00.000000Z
2025-11-08T08:00:00.000000Z,WETH:000274,35.0,2025-11-08T08:00:00.000000Z
2025-11-08T08:30:00.000000Z,WETH:000274,62.5,2025-11-08T08:30:00.000000Z
2025-11-08T09:00:00.000000Z,WETH:000274,60.5,2025-11-08T09:00:00.000000Z
2025-11-08T09:30:00.000000Z,WETH:000274,61.0,2025-11-08T09:30:00.000000Z
2025-11-08T10:00:00.000000Z,WETH:000274,141.667,2025-11-08T10:00:00.000000Z
2025-11-08T10:30:00.000000Z,WETH:000274,158.0,2025-11-08T10:30:00.000000Z
2025-11-08T11:00:00.000000Z,WETH:000274,502.833,2025-11-08T11:00:00.000000Z
2025-11-08T11:30:00.000000Z,WETH:000274,353.5,2025-11-08T11:30:00.000000Z
2025-11-08T12:00:00.000000Z,WETH:000274,523.667,2025-11-08T12:00:00.000000Z
2025-11-08T12:30:00.000000Z,WETH:000274,462.4,2025-11-08T12:30:00.000000Z
2025-11-08T13:00:00.000000Z,WETH:000274,252.0,2025-11-08T13:00:00.000000Z
2025-11-08T13:30:00.000000Z,WETH:000274,438.667,2025-11-08T13:30:00.000000Z
2025-11-08T14:00:00.000000Z,WETH:000274,361.333,2025-11-08T14:00:00.000000Z
2025-11-08T14:30:00.000000Z,WETH:000274,266.167,2025-11-08T14:30:00.000000Z
2025-11-08T15:00:00.000000Z,WETH:000274,185.0,2025-11-08T15:00:00.000000Z
2025-11-08T15:30:00.000000Z,WETH:000274,45.333,2025-11-08T15:30:00.000000Z
2025-11-08T16:00:00.000000Z,WETH:000274,5.5,2025-11-08T16:00:00.000000Z
2025-11-08T16:30:00.000000Z,WETH:000274,-2.0,2025-11-08T16:30:00.000000Z
2025-11-08T17:00:00.000000Z,WETH:000274,-1.667,2025-11-08T17:00:00.000000Z
2025-11-08T17:30:00.000000Z,WETH:000274,-1.0,2025-11-08T17:30:00.000000Z
2025-11-08T18:00:00.000000Z,WETH:000274,-1.0,2025-11-08T18:00:00.000000Z
2025-11-08T18:30:00.000000Z,WETH:000274,-1.0,2025-11-08T18:30:00.000000Z
2025-11-08T19:00:00.000000Z,WETH:000274,-1.5,2025-11-08T19:00:00.000000Z
2025-11-08T19:30:00.000000Z,WETH:000274,-1.0,2025-11-08T19:30:00.000000Z
2025-11-08T20:00:00.000000Z,WETH:000274,-1.667,2025-11-08T20:00:00.000000Z
2025-11-08T20:30:00.000000Z,WETH:000274,-1.667,2025-11-08T20:30:00.000000Z
2025-11-08T21:00:00.000000Z,WETH:000274,-1.0,2025-11-08T21:00:00.000000Z
2025-11-08T21:30:00.000000Z,WETH:000274,-0.167,2025-11-08T21:30:00.000000Z
2025-11-08T22:00:00.000000Z,WETH:000274,0.0,2025-11-08T22:00:00.000000Z
2025-11-08T22:30:00.000000Z,WETH:000274,-0.833,2025-11-08T22:30:00.000000Z
2025-11-08T23:00:00.000000Z,WETH:000274,-0.5,2025-11-08T23:00:00.000000Z
2025-11-08T23:30:00.000000Z,WETH:000274,0.0,2025-11-08T23:30:00.000000Z
2025-11-09T00:00:00.000000Z,WETH:000274,0.0,2025-11-09T00:00:00.000000Z
2025-11-09T00:30:00.000000Z,WETH:000274,-0.167,2025-11-09T00:30:00.000000Z
2025-11-09T01:00:00.000000Z,WETH:000274,-1.0,2025-11-09T01:00:00.000000Z
2025-11-09T01:30:00.000000Z,WETH:000274,-1.0,2025-11-09T01:30:00.000000Z
2025-11-09T02:00:00.000000Z,WETH:000274,0.0,2025-11-09T02:00:00.000000Z
2025-11-09T02:30:00.000000Z,WETH:000274,0.0,2025-11-09T02:30:00.000000Z
2025-11-09T03:00:00.000000Z,WETH:000274,0.0,2025-11-09T03:00:00.000000Z
2025-11-09T03:30:00.000000Z,WETH:000274,0.0,2025-11-09T03:30:00.000000Z
2025-11-09T04:00:00.000000Z,WETH:000274,0.0,2025-11-09T04:00:00.000000Z
2025-11-09T04:30:00.000000Z,WETH:000274,0.0,2025-11-09T04:30:00.000000Z
2025-11-09T05:00:00.000000Z,WETH:000274,0.0,2025-11-09T05:00:00.000000Z
2025-11-09T05:30:00.000000Z,WETH:000274,-0.333,2025-11-09T05:30:00.000000Z
2025-11-09T06:00:00.000000Z,WETH:000274,0.0,2025-11-09T06:00:00.000000Z
2025-11-09T06:30:00.000000Z,WETH:000274,0.0,2025-11-09T06:30:00.000000Z
2025-11-09T07:00:00.000000Z,WETH:000274,2.167,2025-11-09T07:00:00.000000Z
2025-11-09T07:30:00.000000Z,WETH:000274,21.667,2025-11-09T07:30:00.000000Z
2025-11-09T08:00:00.000000Z,WETH:000274,44.333,2025-11-09T08:00:00.000000Z
2025-11-09T08:30:00.000000Z,WETH:000274,86.167,2025-11-09T08:30:00.000000Z
2025-11-09T09:00:00.000000Z,WETH:000274,96.0,2025-11-09T09:00:00.000000Z
2025-11-09T09:30:00.000000Z,WETH:000274,135.333,2025-11-09T09:30:00.000000Z
2025-11-09T10:00:00.000000Z,WETH:000274,94.5,2025-11-09T10:00:00.000000Z
2025-11-09T10:30:00.000000Z,WETH:000274,40.0,2025-11-09T10:30:00.000000Z
2025-11-09T11:00:00.000000Z,WETH:000274,62.167,2025-11-09T11:00:00.000000Z
2025-11-09T11:30:00.000000Z,WETH:000274,43.0,2025-11-09T11:30:00.000000Z
2025-11-09T12:00:00.000000Z,WETH:000274,39.833,2025-11-09T12:00:00.000000Z
2025-11-09T12:30:00.000000Z,WETH:000274,37.167,2025-11-09T12:30:00.000000Z
2025-11-09T13:00:00.000000Z,WETH:000274,24.333,2025-11-09T13:00:00.000000Z
2025-11-09T13:30:00.000000Z,WETH:000274,40.0,2025-11-09T13:30:00.000000Z
2025-11-09T14:00:00.000000Z,WETH:000274,32.667,2025-11-09T14:00:00.000000Z
2025-11-09T14:30:00.000000Z,WETH:000274,10.2,2025-11-09T14:30:00.000000Z
2025-11-09T15:00:00.000000Z,WETH:000274,6.833,2025-11-09T15:00:00.000000Z
2025-11-09T15:30:00.000000Z,WETH:000274,6.0,2025-11-09T15:30:00.000000Z
2025-11-09T16:00:00.000000Z,WETH:000274,1.167,2025-11-09T16:00:00.000000Z
2025-11-09T16:30:00.000000Z,WETH:000274,0.0,2025-11-09T16:30:00.000000Z
2025-11-09T17:00:00.000000Z,WETH:000274,0.0,2025-11-09T17:00:00.000000Z
2025-11-09T17:30:00.000000Z,WETH:000274,0.0,2025-11-09T17:30:00.000000Z
2025-11-09T18:00:00.000000Z,WETH:000274,0.0,2025-11-09T18:00:00.000000Z
2025-11-09T18:30:00.000000Z,WETH:000274,0.0,2025-11-09T18:30:00.000000Z
2025-11-09T19:00:00.000000Z,WETH:000274,0.0,2025-11-09T19:00:00.000000Z
2025-11-09T19:30:00.000000Z,WETH:000274,0.0,2025-11-09T19:30:00.000000Z
2025-11-09T20:00:00.000000Z,WETH:000274,0.0,2025-11-09T20:00:00.000000Z
2025-11-09T20:30:00.000000Z,WETH:000274,0.0,2025-11-09T20:30:00.000000Z
2025-11-09T21:00:00.000000Z,WETH:000274,0.0,2025-11-09T21:00:00.000000Z
2025-11-09T21:30:00.000000Z,WETH:000274,0.0,2025-11-09T21:30:00.000000Z
2025-11-09T22:00:00.000000Z,WETH:000274,0.0,2025-11-09T22:00:00.000000Z
2025-11-09T22:30:00.000000Z,WETH:000274,0.0,2025-11-09T22:30:00.000000Z
2025-11-09T23:00:00.000000Z,WETH:000274,0.0,2025-11-09T23:00:00.000000Z
2025-11-09T23:30:00.000000Z,WETH:000274,0.0,2025-11-09T23:30:00.000000Z
2025-11-10T00:00:00.000000Z,WETH:000274,0.0,2025-11-10T00:00:00.000000Z
2025-11-10T00:30:00.000000Z,WETH:000274,0.0,2025-11-10T00:30:00.000000Z
2025-11-10T01:00:00.000000Z,WETH:000274,0.0,2025-11-10T01:00:00.000000Z
2025-11-10T01:30:00.000000Z,WETH:000274,0.0,2025-11-10T01:30:00.000000Z
2025-11-10T02:00:00.000000Z,WETH:000274,0.0,2025-11-10T02:00:00.000000Z
2025-11-10T02:30:00.000000Z,WETH:000274,0.0,2025-11-10T02:30:00.000000Z
2025-11-10T03:00:00.000000Z,WETH:000274,0.0,2025-11-10T03:00:00.000000Z
2025-11-10T03:30:00.000000Z,WETH:000274,0.0,2025-11-10T03:30:00.000000Z
2025-11-10T04:00:00.000000Z,WETH:000274,0.0,2025-11-10T04:00:00.000000Z
2025-11-10T04:30:00.000000Z,WETH:000274,-0.667,2025-11-10T04:30:00.000000Z
2025-11-10T05:00:00.000000Z,WETH:000274,-1.0,2025-11-10T05:00:00.000000Z
2025-11-10T05:30:00.000000Z,WETH:000274,-1.0,2025-11-10T05:30:00.000000Z
2025-11-10T06:00:00.000000Z,WETH:000274,-1.0,2025-11-10T06:00:00.000000Z
2025-11-10T06:30:00.000000Z,WETH:000274,-1.0,2025-11-10T06:30:00.000000Z
2025-11-10T07:00:00.000000Z,WETH:000274,0.333,2025-11-10T07:00:00.000000Z
2025-11-10T07:30:00.000000Z,WETH:000274,34.833,2025-11-10T07:30:00.000000Z
2025-11-10T08:00:00.000000Z,WETH:000274,131.167,2025-11-10T08:00:00.000000Z
2025-11-10T08:30:00.000000Z,WETH:000274,227.0,2025-11-10T08:30:00.000000Z
2025-11-10T09:00:00.000000Z,WETH:000274,323.5,2025-11-10T09:00:00.000000Z
2025-11-10T09:30:00.000000Z,WETH:000274,258.0,2025-11-10T09:30:00.000000Z
2025-11-10T10:00:00.000000Z,WETH:000274,127.667,2025-11-10T10:00:00.000000Z
2025-11-10T10:30:00.000000Z,WETH:000274,144.667,2025-11-10T10:30:00.000000Z
2025-11-10T11:00:00.000000Z,WETH:000274,165.167,2025-11-10T11:00:00.000000Z
2025-11-10T11:30:00.000000Z,WETH:000274,145.167,2025-11-10T11:30:00.000000Z
2025-11-10T12:00:00.000000Z,WETH:000274,128.333,2025-11-10T12:00:00.000000Z
2025-11-10T12:30:00.000000Z,WETH:000274,76.667,2025-11-10T12:30:00.000000Z
2025-11-10T13:00:00.000000Z,WETH:000274,38.167,2025-11-10T13:00:00.000000Z
2025-11-10T13:30:00.000000Z,WETH:000274,27.5,2025-11-10T13:30:00.000000Z
2025-11-10T14:00:00.000000Z,WETH:000274,26.0,2025-11-10T14:00:00.000000Z
2025-11-10T14:30:00.000000Z,WETH:000274,41.333,2025-11-10T14:30:00.000000Z
2025-11-10T15:00:00.000000Z,WETH:000274,40.667,2025-11-10T15:00:00.000000Z
2025-11-10T15:30:00.000000Z,WETH:000274,12.2,2025-11-10T15:30:00.000000Z
2025-11-10T16:00:00.000000Z,WETH:000274,1.333,2025-11-10T16:00:00.000000Z
2025-11-10T16:30:00.000000Z,WETH:000274,0.0,2025-11-10T16:30:00.000000Z
2025-11-10T17:00:00.000000Z,WETH:000274,0.0,2025-11-10T17:00:00.000000Z
2025-11-10T17:30:00.000000Z,WETH:000274,-0.167,2025-11-10T17:30:00.000000Z
2025-11-10T18:00:00.000000Z,WETH:000274,-0.833,2025-11-10T18:00:00.000000Z
2025-11-10T18:30:00.000000Z,WETH:000274,-0.833,2025-11-10T18:30:00.000000Z
2025-11-10T19:00:00.000000Z,WETH:000274,-0.667,2025-11-10T19:00:00.000000Z
2025-11-10T19:30:00.000000Z,WETH:000274,-1.0,2025-11-10T19:30:00.000000Z
2025-11-10T20:00:00.000000Z,WETH:000274,-0.667,2025-11-10T20:00:00.000000Z
2025-11-10T20:30:00.000000Z,WETH:000274,-1.0,2025-11-10T20:30:00.000000Z
2025-11-10T21:00:00.000000Z,WETH:000274,-1.0,2025-11-10T21:00:00.000000Z
2025-11-10T21:30:00.000000Z,WETH:000274,-0.833,2025-11-10T21:30:00.000000Z
2025-11-10T22:00:00.000000Z,WETH:000274,-0.667,2025-11-10T22:00:00.000000Z
2025-11-10T22:30:00.000000Z,WETH:000274,-1.0,2025-11-10T22:30:00.000000Z
2025-11-10T23:00:00.000000Z,WETH:000274,-1.0,2025-11-10T23:00:00.000000Z
2025-11-10T23:30:00.000000Z,WETH:000274,-1.0,2025-11-10T23:30:00.000000Z
2025-11-11T00:00:00.000000Z,WETH:000274,-1.0,2025-11-11T00:00:00.000000Z
2025-11-11T00:30:00.000000Z,WETH:000274,-0.667,2025-11-11T00:30:00.000000Z
2025-11-11T01:00:00.000000Z,WETH:000274,-1.0,2025-11-11T01:00:00.000000Z
2025-11-11T01:30:00.000000Z,WETH:000274,-0.667,2025-11-11T01:30:00.000000Z
2025-11-11T02:00:00.000000Z,WETH:000274,0.0,2025-11-11T02:00:00.000000Z
2025-11-11T02:30:00.000000Z,WETH:000274,0.0,2025-11-11T02:30:00.000000Z
2025-11-11T03:00:00.000000Z,WETH:000274,0.0,2025-11-11T03:00:00.000000Z
2025-11-11T03:30:00.000000Z,WETH:000274,0.0,2025-11-11T03:30:00.000000Z
2025-11-11T04:00:00.000000Z,WETH:000274,0.0,2025-11-11T04:00:00.000000Z
2025-11-11T04:30:00.000000Z,WETH:000274,0.0,2025-11-11T04:30:00.000000Z
2025-11-11T05:00:00.000000Z,WETH:000274,0.0,2025-11-11T05:00:00.000000Z
2025-11-11T05:30:00.000000Z,WETH:000274,0.0,2025-11-11T05:30:00.000000Z
2025-11-11T06:00:00.000000Z,WETH:000274,0.0,2025-11-11T06:00:00.000000Z
2025-11-11T06:30:00.000000Z,WETH:000274,0.0,2025-11-11T06:30:00.000000Z
2025-11-11T07:00:00.000000Z,WETH:000274,0.0,2025-11-11T07:00:00.000000Z
2025-11-11T07:30:00.000000Z,WETH:000274,1.333,2025-11-11T07:30:00.000000Z
2025-11-11T08:00:00.000000Z,WETH:000274,8.167,2025-11-11T08:00:00.000000Z
2025-11-11T08:30:00.000000Z,WETH:000274,11.333,2025-11-11T08:30:00.000000Z
2025-11-11T09:00:00.000000Z,WETH:000274,28.833,2025-11-11T09:00:00.000000Z
2025-11-11T09:30:00.000000Z,WETH:000274,38.5,2025-11-11T09:30:00.000000Z
2025-11-11T10:00:00.000000Z,WETH:000274,76.333,2025-11-11T10:00:00.000000Z
2025-11-11T10:30:00.000000Z,WETH:000274,75.333,2025-11-11T10:30:00.000000Z
2025-11-11T11:00:00.000000Z,WETH:000274,74.833,2025-11-11T11:00:00.000000Z
2025-11-11T11:30:00.000000Z,WETH:000274,100.667,2025-11-11T11:30:00.000000Z
2025-11-11T12:00:00.000000Z,WETH:000274,83.667,2025-11-11T12:00:00.000000Z
2025-11-11T12:30:00.000000Z,WETH:000274,60.833,2025-11-11T12:30:00.000000Z
2025-11-11T13:00:00.000000Z,WETH:000274,36.167,2025-11-11T13:00:00.000000Z
2025-11-11T13:30:00.000000Z,WETH:000274,19.833,2025-11-11T13:30:00.000000Z
2025-11-11T14:00:00.000000Z,WETH:000274,20.167,2025-11-11T14:00:00.000000Z
2025-11-11T14:30:00.000000Z,WETH:000274,20.833,2025-11-11T14:30:00.000000Z
2025-11-11T15:00:00.000000Z,WETH:000274,16.0,2025-11-11T15:00:00.000000Z
2025-11-11T15:30:00.000000Z,WETH:000274,14.667,2025-11-11T15:30:00.000000Z
2025-11-11T16:00:00.000000Z,WETH:000274,1.833,2025-11-11T16:00:00.000000Z
2025-11-11T16:30:00.000000Z,WETH:000274,0.0,2025-11-11T16:30:00.000000Z
2025-11-11T17:00:00.000000Z,WETH:000274,-0.667,2025-11-11T17:00:00.000000Z
2025-11-11T17:30:00.000000Z,WETH:000274,-0.333,2025-11-11T17:30:00.000000Z
2025-11-11T18:00:00.000000Z,WETH:000274,-0.667,2025-11-11T18:00:00.000000Z
2025-11-11T18:30:00.000000Z,WETH:000274,0.0,2025-11-11T18:30:00.000000Z
2025-11-11T19:00:00.000000Z,WETH:000274,0.0,2025-11-11T19:00:00.000000Z
2025-11-11T19:30:00.000000Z,WETH:000274,0.0,2025-11-11T19:30:00.000000Z
2025-11-11T20:00:00.000000Z,WETH:000274,0.0,2025-11-11T20:00:00.000000Z
2025-11-11T20:30:00.000000Z,WETH:000274,0.0,2025-11-11T20:30:00.000000Z
2025-11-11T21:00:00.000000Z,WETH:000274,0.0,2025-11-11T21:00:00.000000Z
2025-11-11T21:30:00.000000Z,WETH:000274,0.0,2025-11-11T21:30:00.000000Z
2025-11-11T22:00:00.000000Z,WETH:000274,0.0,2025-11-11T22:00:00.000000Z
2025-11-11T22:30:00.000000Z,WETH:000274,0.0,2025-11-11T22:30:00.000000Z
2025-11-11T23:00:00.000000Z,WETH:000274,-0.667,2025-11-11T23:00:00.000000Z
2025-11-11T23:30:00.000000Z,WETH:000274,0.0,2025-11-11T23:30:00.000000Z
2025-11-12T00:00:00.000000Z,WETH:000274,0.0,2025-11-12T00:00:00.000000Z
2025-11-12T00:30:00.000000Z,WETH:000274,0.0,2025-11-12T00:30:00.000000Z
2025-11-12T01:00:00.000000Z,WETH:000274,0.0,2025-11-12T01:00:00.000000Z
2025-11-12T01:30:00.000000Z,WETH:000274,0.0,2025-11-12T01:30:00.000000Z
2025-11-12T02:00:00.000000Z,WETH:000274,0.0,2025-11-12T02:00:00.000000Z
2025-11-12T02:30:00.000000Z,WETH:000274,0.0,2025-11-12T02:30:00.000000Z
2025-11-12T03:00:00.000000Z,WETH:000274,-0.8,2025-11-12T03:00:00.000000Z
2025-11-12T03:30:00.000000Z,WETH:000274,-1.0,2025-11-12T03:30:00.000000Z
2025-11-12T04:00:00.000000Z,WETH:000274,-0.667,2025-11-12T04:00:00.000000Z
2025-11-12T04:30:00.000000Z,WETH:000274,0.0,2025-11-12T04:30:00.000000Z
2025-11-12T05:00:00.000000Z,WETH:000274,0.0,2025-11-12T05:00:00.000000Z
2025-11-12T05:30:00.000000Z,WETH:000274,0.0,2025-11-12T05:30:00.000000Z
2025-11-12T06:00:00.000000Z,WETH:000274,-0.167,2025-11-12T06:00:00.000000Z
2025-11-12T06:30:00.000000Z,WETH:000274,0.0,2025-11-12T06:30:00.000000Z
2025-11-12T07:00:00.000000Z,WETH:000274,0.0,2025-11-12T07:00:00.000000Z
2025-11-12T07:30:00.000000Z,WETH:000274,2.333,2025-11-12T07:30:00.000000Z
2025-11-12T08:00:00.000000Z,WETH:000274,15.0,2025-11-12T08:00:00.000000Z
2025-11-12T08:30:00.000000Z,WETH:000274,35.833,2025-11-12T08:30:00.000000Z
2025-11-12T09:00:00.000000Z,WETH:000274,71.5,2025-11-12T09:00:00.000000Z
2025-11-12T09:30:00.000000Z,WETH:000274,123.333,2025-11-12T09:30:00.000000Z
2025-11-12T10:00:00.000000Z,WETH:000274,136.0,2025-11-12T10:00:00.000000Z
2025-11-12T10:30:00.000000Z,WETH:000274,154.167,2025-11-12T10:30:00.000000Z
2025-11-12T11:00:00.000000Z,WETH:000274,190.667,2025-11-12T11:00:00.000000Z
2025-11-12T11:30:00.000000Z,WETH:000274,154.167,2025-11-12T11:30:00.000000Z
2025-11-12T12:00:00.000000Z,WETH:000274,122.667,2025-11-12T12:00:00.000000Z
2025-11-12T12:30:00.000000Z,WETH:000274,82.0,2025-11-12T12:30:00.000000Z
2025-11-12T13:00:00.000000Z,WETH:000274,61.5,2025-11-12T13:00:00.000000Z
2025-11-12T13:30:00.000000Z,WETH:000274,62.833,2025-11-12T13:30:00.000000Z
2025-11-12T14:00:00.000000Z,WETH:000274,58.167,2025-11-12T14:00:00.000000Z
2025-11-12T14:30:00.000000Z,WETH:000274,18.0,2025-11-12T14:30:00.000000Z
2025-11-12T15:00:00.000000Z,WETH:000274,6.667,2025-11-12T15:00:00.000000Z
2025-11-12T15:30:00.000000Z,WETH:000274,4.5,2025-11-12T15:30:00.000000Z
2025-11-12T16:00:00.000000Z,WETH:000274,0.333,2025-11-12T16:00:00.000000Z
2025-11-12T16:30:00.000000Z,WETH:000274,0.0,2025-11-12T16:30:00.000000Z
2025-11-12T17:00:00.000000Z,WETH:000274,0.0,2025-11-12T17:00:00.000000Z
2025-11-12T17:30:00.000000Z,WETH:000274,0.0,2025-11-12T17:30:00.000000Z
2025-11-12T18:00:00.000000Z,WETH:000274,0.0,2025-11-12T18:00:00.000000Z
2025-11-12T18:30:00.000000Z,WETH:000274,0.0,2025-11-12T18:30:00.000000Z
2025-11-12T19:00:00.000000Z,WETH:000274,0.0,2025-11-12T19:00:00.000000Z
2025-11-12T19:30:00.000000Z,WETH:000274,0.0,2025-11-12T19:30:00.000000Z
2025-11-12T20:00:00.000000Z,WETH:000274,0.0,2025-11-12T20:00:00.000000Z
2025-11-12T20:30:00.000000Z,WETH:000274,0.0,2025-11-12T20:30:00.000000Z
2025-11-12T21:00:00.000000Z,WETH:000274,0.0,2025-11-12T21:00:00.000000Z
2025-11-12T21:30:00.000000Z,WETH:000274,0.0,2025-11-12T21:30:00.000000Z
2025-11-12T22:00:00.000000Z,WETH:000274,0.0,2025-11-12T22:00:00.000000Z
2025-11-12T22:30:00.000000Z,WETH:000274,0.0,2025-11-12T22:30:00.000000Z
2025-11-12T23:00:00.000000Z,WETH:000274,0.0,2025-11-12T23:00:00.000000Z
2025-11-12T23:30:00.000000Z,WETH:000274,0.0,2025-11-12T23:30:00.000000Z
2025-11-13T00:00:00.000000Z,WETH:000274,0.0,2025-11-13T00:00:00.000000Z
2025-11-13T00:30:00.000000Z,WETH:000274,0.0,2025-11-13T00:30:00.000000Z
2025-11-13T01:00:00.000000Z,WETH:000274,0.0,2025-11-13T01:00:00.000000Z
2025-11-13T01:30:00.000000Z,WETH:000274,0.0,2025-11-13T01:30:00.000000Z
2025-11-13T02:00:00.000000Z,WETH:000274,0.0,2025-11-13T02:00:00.000000Z
2025-11-13T02:30:00.000000Z,WETH:000274,-0.5,2025-11-13T02:30:00.000000Z
2025-11-13T03:00:00.000000Z,WETH:000274,-0.167,2025-11-13T03:00:00.000000Z
2025-11-13T03:30:00.000000Z,WETH:000274,0.0,2025-11-13T03:30:00.000000Z
2025-11-13T04:00:00.000000Z,WETH:000274,0.0,2025-11-13T04:00:00.000000Z
2025-11-13T04:30:00.000000Z,WETH:000274,-0.833,2025-11-13T04:30:00.000000Z
2025-11-13T05:00:00.000000Z,WETH:000274,-1.0,2025-11-13T05:00:00.000000Z
2025-11-13T05:30:00.000000Z,WETH:000274,-1.0,2025-11-13T05:30:00.000000Z
2025-11-13T06:00:00.000000Z,WETH:000274,-1.0,2025-11-13T06:00:00.000000Z
2025-11-13T06:30:00.000000Z,WETH:000274,-1.0,2025-11-13T06:30:00.000000Z
2025-11-13T07:00:00.000000Z,WETH:000274,-0.667,2025-11-13T07:00:00.000000Z
2025-11-13T07:30:00.000000Z,WETH:000274,7.5,2025-11-13T07:30:00.000000Z
2025-11-13T08:00:00.000000Z,WETH:000274,77.167,2025-11-13T08:00:00.000000Z
2025-11-13T08:30:00.000000Z,WETH:000274,59.0,2025-11-13T08:30:00.000000Z
2025-11-13T09:00:00.000000Z,WETH:000274,184.0,2025-11-13T09:00:00.000000Z
2025-11-13T09:30:00.000000Z,WETH:000274,259.0,2025-11-13T09:30:00.000000Z
2025-11-13T10:00:00.000000Z,WETH:000274,293.5,2025-11-13T10:00:00.000000Z
2025-11-13T10:30:00.000000Z,WETH:000274,112.333,2025-11-13T10:30:00.000000Z
2025-11-13T11:00:00.000000Z,WETH:000274,92.667,2025-11-13T11:00:00.000000Z
2025-11-13T11:30:00.000000Z,WETH:000274,481.167,2025-11-13T11:30:00.000000Z
2025-11-13T12:00:00.000000Z,WETH:000274,315.667,2025-11-13T12:00:00.000000Z
2025-11-13T12:30:00.000000Z,WETH:000274,429.167,2025-11-13T12:30:00.000000Z
2025-11-13T13:00:00.000000Z,WETH:000274,423.333,2025-11-13T13:00:00.000000Z
2025-11-13T13:30:00.000000Z,WETH:000274,330.667,2025-11-13T13:30:00.000000Z
2025-11-13T14:00:00.000000Z,WETH:000274,228.167,2025-11-13T14:00:00.000000Z
2025-11-13T14:30:00.000000Z,WETH:000274,126.5,2025-11-13T14:30:00.000000Z
2025-11-13T15:00:00.000000Z,WETH:000274,49.667,2025-11-13T15:00:00.000000Z
2025-11-13T15:30:00.000000Z,WETH:000274,14.333,2025-11-13T15:30:00.000000Z
2025-11-13T16:00:00.000000Z,WETH:000274,0.833,2025-11-13T16:00:00.000000Z
2025-11-13T16:30:00.000000Z,WETH:000274,-1.0,2025-11-13T16:30:00.000000Z
2025-11-13T17:00:00.000000Z,WETH:000274,-0.667,2025-11-13T17:00:00.000000Z
2025-11-13T17:30:00.000000Z,WETH:000274,0.0,2025-11-13T17:30:00.000000Z
2025-11-13T18:00:00.000000Z,WETH:000274,-0.4,2025-11-13T18:00:00.000000Z
2025-11-13T18:30:00.000000Z,WETH:000274,-0.667,2025-11-13T18:30:00.000000Z
2025-11-13T19:00:00.000000Z,WETH:000274,-0.5,2025-11-13T19:00:00.000000Z
2025-11-13T19:30:00.000000Z,WETH:000274,0.0,2025-11-13T19:30:00.000000Z
2025-11-13T20:00:00.000000Z,WETH:000274,0.0,2025-11-13T20:00:00.000000Z
2025-11-13T20:30:00.000000Z,WETH:000274,0.0,2025-11-13T20:30:00.000000Z
2025-11-13T21:00:00.000000Z,WETH:000274,0.0,2025-11-13T21:00:00.000000Z
2025-11-13T21:30:00.000000Z,WETH:000274,0.0,2025-11-13T21:30:00.000000Z
2025-11-13T22:00:00.000000Z,WETH:000274,0.0,2025-11-13T22:00:00.000000Z
2025-11-13T22:30:00.000000Z,WETH:000274,0.0,2025-11-13T22:30:00.000000Z
2025-11-13T23:00:00.000000Z,WETH:000274,0.0,2025-11-13T23:00:00.000000Z
2025-11-13T23:30:00.000000Z,WETH:000274,0.0,2025-11-13T23:30:00.000000Z
2025-11-14T00:00:00.000000Z,WETH:000274,0.0,2025-11-14T00:00:00.000000Z
2025-11-14T00:30:00.000000Z,WETH:000274,0.0,2025-11-14T00:30:00.000000Z
2025-11-14T01:00:00.000000Z,WETH:000274,0.0,2025-11-14T01:00:00.000000Z
2025-11-14T01:30:00.000000Z,WETH:000274,0.0,2025-11-14T01:30:00.000000Z
2025-11-14T02:00:00.000000Z,WETH:000274,0.0,2025-11-14T02:00:00.000000Z
2025-11-14T02:30:00.000000Z,WETH:000274,0.0,2025-11-14T02:30:00.000000Z
2025-11-14T03:00:00.000000Z,WETH:000274,0.0,2025-11-14T03:00:00.000000Z
2025-11-14T03:30:00.000000Z,WETH:000274,0.0,2025-11-14T03:30:00.000000Z
2025-11-14T04:00:00.000000Z,WETH:000274,0.0,2025-11-14T04:00:00.000000Z
2025-11-14T04:30:00.000000Z,WETH:000274,0.0,2025-11-14T04:30:00.000000Z
2025-11-14T05:00:00.000000Z,WETH:000274,0.0,2025-11-14T05:00:00.000000Z
2025-11-14T05:30:00.000000Z,WETH:000274,0.0,2025-11-14T05:30:00.000000Z
2025-11-14T06:00:00.000000Z,WETH:000274,0.0,2025-11-14T06:00:00.000000Z
2025-11-14T06:30:00.000000Z,WETH:000274,0.0,2025-11-14T06:30:00.000000Z
2025-11-14T07:00:00.000000Z,WETH:000274,0.0,2025-11-14T07:00:00.000000Z
2025-11-14T07:30:00.000000Z,WETH:000274,0.667,2025-11-14T07:30:00.000000Z
2025-11-14T08:00:00.000000Z,WETH:000274,7.0,2025-11-14T08:00:00.000000Z
2025-11-14T08:30:00.000000Z,WETH:000274,15.5,2025-11-14T08:30:00.000000Z
2025-11-14T09:00:00.000000Z,WETH:000274,21.0,2025-11-14T09:00:00.000000Z
2025-11-14T09:30:00.000000Z,WETH:000274,22.833,2025-11-14T09:30:00.000000Z
2025-11-14T10:00:00.000000Z,WETH:000274,29.5,2025-11-14T10:00:00.000000Z
2025-11-14T10:30:00.000000Z,WETH:000274,31.833,2025-11-14T10:30:00.000000Z
2025-11-14T11:00:00.000000Z,WETH:000274,33.333,2025-11-14T11:00:00.000000Z
2025-11-14T11:30:00.000000Z,WETH:000274,39.667,2025-11-14T11:30:00.000000Z
2025-11-14T12:00:00.000000Z,WETH:000274,63.5,2025-11-14T12:00:00.000000Z
2025-11-14T12:30:00.000000Z,WETH:000274,45.333,2025-11-14T12:30:00.000000Z
2025-11-14T13:00:00.000000Z,WETH:000274,39.833,2025-11-14T13:00:00.000000Z
2025-11-14T13:30:00.000000Z,WETH:000274,46.5,2025-11-14T13:30:00.000000Z
2025-11-14T14:00:00.000000Z,WETH:000274,31.833,2025-11-14T14:00:00.000000Z
2025-11-14T14:30:00.000000Z,WETH:000274,22.0,2025-11-14T14:30:00.000000Z
2025-11-14T15:00:00.000000Z,WETH:000274,12.833,2025-11-14T15:00:00.000000Z
2025-11-14T15:30:00.000000Z,WETH:000274,3.833,2025-11-14T15:30:00.000000Z
2025-11-14T16:00:00.000000Z,WETH:000274,0.333,2025-11-14T16:00:00.000000Z
2025-11-14T16:30:00.000000Z,WETH:000274,-0.5,2025-11-14T16:30:00.000000Z
2025-11-14T17:00:00.000000Z,WETH:000274,0.0,2025-11-14T17:00:00.000000Z
2025-11-14T17:30:00.000000Z,WETH:000274,0.0,2025-11-14T17:30:00.000000Z
2025-11-14T18:00:00.000000Z,WETH:000274,0.0,2025-11-14T18:00:00.000000Z
2025-11-14T18:30:00.000000Z,WETH:000274,0.0,2025-11-14T18:30:00.000000Z
2025-11-14T19:00:00.000000Z,WETH:000274,0.0,2025-11-14T19:00:00.000000Z
2025-11-14T19:30:00.000000Z,WETH:000274,0.0,2025-11-14T19:30:00.000000Z
2025-11-14T20:00:00.000000Z,WETH:000274,0.0,2025-11-14T20:00:00.000000Z
2025-11-14T20:30:00.000000Z,WETH:000274,0.0,2025-11-14T20:30:00.000000Z
2025-11-14T21:00:00.000000Z,WETH:000274,0.0,2025-11-14T21:00:00.000000Z
2025-11-14T21:30:00.000000Z,WETH:000274,0.0,2025-11-14T21:30:00.000000Z
2025-11-14T22:00:00.000000Z,WETH:000274,0.0,2025-11-14T22:00:00.000000Z
2025-11-14T22:30:00.000000Z,WETH:000274,0.0,2025-11-14T22:30:00.000000Z
2025-11-14T23:00:00.000000Z,WETH:000274,0.0,2025-11-14T23:00:00.000000Z
2025-11-14T23:30:00.000000Z,WETH:000274,0.0,2025-11-14T23:30:00.000000Z
2025-11-15T00:00:00.000000Z,WETH:000274,0.0,2025-11-15T00:00:00.000000Z
2025-11-15T00:30:00.000000Z,WETH:000274,0.0,2025-11-15T00:30:00.000000Z
2025-11-15T01:00:00.000000Z,WETH:000274,0.0,2025-11-15T01:00:00.000000Z
2025-11-15T01:30:00.000000Z,WETH:000274,0.0,2025-11-15T01:30:00.000000Z
2025-11-15T02:00:00.000000Z,WETH:000274,0.0,2025-11-15T02:00:00.000000Z
2025-11-15T02:30:00.000000Z,WETH:000274,0.0,2025-11-15T02:30:00.000000Z
2025-11-15T03:00:00.000000Z,WETH:000274,0.0,2025-11-15T03:00:00.000000Z
2025-11-15T03:30:00.000000Z,WETH:000274,0.0,2025-11-15T03:30:00.000000Z
2025-11-15T04:00:00.000000Z,WETH:000274,0.0,2025-11-15T04:00:00.000000Z
2025-11-15T04:30:00.000000Z,WETH:000274,0.0,2025-11-15T04:30:00.000000Z
2025-11-15T05:00:00.000000Z,WETH:000274,0.0,2025-11-15T05:00:00.000000Z
2025-11-15T05:30:00.000000Z,WETH:000274,0.0,2025-11-15T05:30:00.000000Z
2025-11-15T06:00:00.000000Z,WETH:000274,0.0,2025-11-15T06:00:00.000000Z
2025-11-15T06:30:00.000000Z,WETH:000274,0.0,2025-11-15T06:30:00.000000Z
2025-11-15T07:00:00.000000Z,WETH:000274,0.0,2025-11-15T07:00:00.000000Z
2025-11-15T07:30:00.000000Z,WETH:000274,2.0,2025-11-15T07:30:00.000000Z
2025-11-15T08:00:00.000000Z,WETH:000274,8.833,2025-11-15T08:00:00.000000Z
2025-11-15T08:30:00.000000Z,WETH:000274,22.5,2025-11-15T08:30:00.000000Z
2025-11-15T09:00:00.000000Z,WETH:000274,25.667,2025-11-15T09:00:00.000000Z
2025-11-15T09:30:00.000000Z,WETH:000274,28.833,2025-11-15T09:30:00.000000Z
2025-11-15T10:00:00.000000Z,WETH:000274,49.167,2025-11-15T10:00:00.000000Z
2025-11-15T10:30:00.000000Z,WETH:000274,78.0,2025-11-15T10:30:00.000000Z
2025-11-15T11:00:00.000000Z,WETH:000274,99.667,2025-11-15T11:00:00.000000Z
2025-11-15T11:30:00.000000Z,WETH:000274,189.333,2025-11-15T11:30:00.000000Z
2025-11-15T12:00:00.000000Z,WETH:000274,266.0,2025-11-15T12:00:00.000000Z
2025-11-15T12:30:00.000000Z,WETH:000274,148.167,2025-11-15T12:30:00.000000Z
2025-11-15T13:00:00.000000Z,WETH:000274,102.833,2025-11-15T13:00:00.000000Z
2025-11-15T13:30:00.000000Z,WETH:000274,47.667,2025-11-15T13:30:00.000000Z
2025-11-15T14:00:00.000000Z,WETH:000274,32.333,2025-11-15T14:00:00.000000Z
2025-11-15T14:30:00.000000Z,WETH:000274,33.5,2025-11-15T14:30:00.000000Z
2025-11-15T15:00:00.000000Z,WETH:000274,17.0,2025-11-15T15:00:00.000000Z
2025-11-15T15:30:00.000000Z,WETH:000274,7.667,2025-11-15T15:30:00.000000Z
2025-11-15T16:00:00.000000Z,WETH:000274,1.333,2025-11-15T16:00:00.000000Z
2025-11-15T16:30:00.000000Z,WETH:000274,0.0,2025-11-15T16:30:00.000000Z
2025-11-15T17:00:00.000000Z,WETH:000274,0.0,2025-11-15T17:00:00.000000Z
2025-11-15T17:30:00.000000Z,WETH:000274,0.0,2025-11-15T17:30:00.000000Z
2025-11-15T18:00:00.000000Z,WETH:000274,0.0,2025-11-15T18:00:00.000000Z
2025-11-15T18:30:00.000000Z,WETH:000274,0.0,2025-11-15T18:30:00.000000Z
2025-11-15T19:00:00.000000Z,WETH:000274,0.0,2025-11-15T19:00:00.000000Z
2025-11-15T19:30:00.000000Z,WETH:000274,0.0,2025-11-15T19:30:00.000000Z
2025-11-15T20:00:00.000000Z,WETH:000274,0.0,2025-11-15T20:00:00.000000Z
2025-11-15T20:30:00.000000Z,WETH:000274,0.0,2025-11-15T20:30:00.000000Z
2025-11-15T21:00:00.000000Z,WETH:000274,0.0,2025-11-15T21:00:00.000000Z
2025-11-15T21:30:00.000000Z,WETH:000274,0.0,2025-11-15T21:30:00.000000Z
2025-11-15T22:00:00.000000Z,WETH:000274,0.0,2025-11-15T22:00:00.000000Z
2025-11-15T22:30:00.000000Z,WETH:000274,0.0,2025-11-15T22:30:00.000000Z
2025-11-15T23:00:00.000000Z,WETH:000274,0.0,2025-11-15T23:00:00.000000Z
2025-11-15T23:30:00.000000Z,WETH:000274,0.0,2025-11-15T23:30:00.000000Z
2025-11-16T00:00:00.000000Z,WETH:000274,0.0,2025-11-16T00:00:00.000000Z
2025-11-16T00:30:00.000000Z,WETH:000274,0.0,2025-11-16T00:30:00.000000Z
2025-11-16T01:00:00.000000Z,WETH:000274,0.0,2025-11-16T01:00:00.000000Z
2025-11-16T01:30:00.000000Z,WETH:000274,0.0,2025-11-16T01:30:00.000000Z
2025-11-16T02:00:00.000000Z,WETH:000274,-1.167,2025-11-16T02:00:00.000000Z
2025-11-16T02:30:00.000000Z,WETH:000274,-1.5,2025-11-16T02:30:00.000000Z
2025-11-16T03:00:00.000000Z,WETH:000274,0.0,2025-11-16T03:00:00.000000Z
2025-11-16T03:30:00.000000Z,WETH:000274,0.0,2025-11-16T03:30:00.000000Z
2025-11-16T04:00:00.000000Z,WETH:000274,0.0,2025-11-16T04:00:00.000000Z
2025-11-16T04:30:00.000000Z,WETH:000274,0.0,2025-11-16T04:30:00.000000Z
2025-11-16T05:00:00.000000Z,WETH:000274,0.0,2025-11-16T05:00:00.000000Z
2025-11-16T05:30:00.000000Z,WETH:000274,0.0,2025-11-16T05:30:00.000000Z
2025-11-16T06:00:00.000000Z,WETH:000274,0.0,2025-11-16T06:00:00.000000Z
2025-11-16T06:30:00.000000Z,WETH:000274,0.0,2025-11-16T06:30:00.000000Z
2025-11-16T07:00:00.000000Z,WETH:000274,0.0,2025-11-16T07:00:00.000000Z
2025-11-16T07:30:00.000000Z,WETH:000274,3.333,2025-11-16T07:30:00.000000Z
2025-11-16T08:00:00.000000Z,WETH:000274,19.333,2025-11-16T08:00:00.000000Z
2025-11-16T08:30:00.000000Z,WETH:000274,35.333,2025-11-16T08:30:00.000000Z
2025-11-16T09:00:00.000000Z,WETH:000274,197.0,2025-11-16T09:00:00.000000Z
2025-11-16T09:30:00.000000Z,WETH:000274,215.5,2025-11-16T09:30:00.000000Z
2025-11-16T10:00:00.000000Z,WETH:000274,378.833,2025-11-16T10:00:00.000000Z
2025-11-16T10:30:00.000000Z,WETH:000274,473.833,2025-11-16T10:30:00.000000Z
2025-11-16T11:00:00.000000Z,WETH:000274,509.833,2025-11-16T11:00:00.000000Z
2025-11-16T11:30:00.000000Z,WETH:000274,471.5,2025-11-16T11:30:00.000000Z
2025-11-16T12:00:00.000000Z,WETH:000274,516.833,2025-11-16T12:00:00.000000Z
2025-11-16T12:30:00.000000Z,WETH:000274,470.333,2025-11-16T12:30:00.000000Z
2025-11-16T13:00:00.000000Z,WETH:000274,474.667,2025-11-16T13:00:00.000000Z
2025-11-16T13:30:00.000000Z,WETH:000274,303.833,2025-11-16T13:30:00.000000Z
2025-11-16T14:00:00.000000Z,WETH:000274,354.5,2025-11-16T14:00:00.000000Z
2025-11-16T14:30:00.000000Z,WETH:000274,49.167,2025-11-16T14:30:00.000000Z
2025-11-16T15:00:00.000000Z,WETH:000274,40.0,2025-11-16T15:00:00.000000Z
2025-11-16T15:30:00.000000Z,WETH:000274,21.167,2025-11-16T15:30:00.000000Z
2025-11-16T16:00:00.000000Z,WETH:000274,2.167,2025-11-16T16:00:00.000000Z
2025-11-16T16:30:00.000000Z,WETH:000274,0.0,2025-11-16T16:30:00.000000Z
2025-11-16T17:00:00.000000Z,WETH:000274,-0.5,2025-11-16T17:00:00.000000Z
2025-11-16T17:30:00.000000Z,WETH:000274,-0.167,2025-11-16T17:30:00.000000Z
2025-11-16T18:00:00.000000Z,WETH:000274,-0.667,2025-11-16T18:00:00.000000Z
2025-11-16T18:30:00.000000Z,WETH:000274,-2.0,2025-11-16T18:30:00.000000Z
2025-11-16T19:00:00.000000Z,WETH:000274,-2.0,2025-11-16T19:00:00.000000Z
2025-11-16T19:30:00.000000Z,WETH:000274,-2.0,2025-11-16T19:30:00.000000Z
2025-11-16T20:00:00.000000Z,WETH:000274,-2.0,2025-11-16T20:00:00.000000Z
2025-11-16T20:30:00.000000Z,WETH:000274,-1.833,2025-11-16T20:30:00.000000Z
2025-11-16T21:00:00.000000Z,WETH:000274,-2.333,2025-11-16T21:00:00.000000Z
2025-11-16T21:30:00.000000Z,WETH:000274,-1.833,2025-11-16T21:30:00.000000Z
2025-11-16T22:00:00.000000Z,WETH:000274,-2.0,2025-11-16T22:00:00.000000Z
2025-11-16T22:30:00.000000Z,WETH:000274,-2.167,2025-11-16T22:30:00.000000Z
2025-11-16T23:00:00.000000Z,WETH:000274,-2.5,2025-11-16T23:00:00.000000Z
2025-11-16T23:30:00.000000Z,WETH:000274,-2.167,2025-11-16T23:30:00.000000Z
2025-11-17T00:00:00.000000Z,WETH:000274,-2.833,2025-11-17T00:00:00.000000Z
2025-11-17T00:30:00.000000Z,WETH:000274,-2.0,2025-11-17T00:30:00.000000Z
2025-11-17T01:00:00.000000Z,WETH:000274,-2.5,2025-11-17T01:00:00.000000Z
2025-11-17T01:30:00.000000Z,WETH:000274,-2.5,2025-11-17T01:30:00.000000Z
2025-11-17T02:00:00.000000Z,WETH:000274,-2.333,2025-11-17T02:00:00.000000Z
2025-11-17T02:30:00.000000Z,WETH:000274,-2.167,2025-11-17T02:30:00.000000Z
2025-11-17T03:00:00.000000Z,WETH:000274,-2.667,2025-11-17T03:00:00.000000Z
2025-11-17T03:30:00.000000Z,WETH:000274,-2.167,2025-11-17T03:30:00.000000Z
2025-11-17T04:00:00.000000Z,WETH:000274,-2.0,2025-11-17T04:00:00.000000Z
2025-11-17T04:30:00.000000Z,WETH:000274,-2.667,2025-11-17T04:30:00.000000Z
2025-11-17T05:00:00.000000Z,WETH:000274,-3.0,2025-11-17T05:00:00.000000Z
2025-11-17T05:30:00.000000Z,WETH:000274,-2.167,2025-11-17T05:30:00.000000Z
2025-11-17T06:00:00.000000Z,WETH:000274,-2.0,2025-11-17T06:00:00.000000Z
2025-11-17T06:30:00.000000Z,WETH:000274,-2.0,2025-11-17T06:30:00.000000Z
2025-11-17T07:00:00.000000Z,WETH:000274,-1.833,2025-11-17T07:00:00.000000Z
2025-11-17T07:30:00.000000Z,WETH:000274,7.0,2025-11-17T07:30:00.000000Z
2025-11-17T08:00:00.000000Z,WETH:000274,79.167,2025-11-17T08:00:00.000000Z
2025-11-17T08:30:00.000000Z,WETH:000274,182.333,2025-11-17T08:30:00.000000Z
2025-11-17T09:00:00.000000Z,WETH:000274,279.167,2025-11-17T09:00:00.000000Z
2025-11-17T09:30:00.000000Z,WETH:000274,354.0,2025-11-17T09:30:00.000000Z
2025-11-17T10:00:00.000000Z,WETH:000274,418.833,2025-11-17T10:00:00.000000Z
2025-11-17T10:30:00.000000Z,WETH:000274,462.667,2025-11-17T10:30:00.000000Z
2025-11-17T11:00:00.000000Z,WETH:000274,493.5,2025-11-17T11:00:00.000000Z
2025-11-17T11:30:00.000000Z,WETH:000274,507.833,2025-11-17T11:30:00.000000Z
2025-11-17T12:00:00.000000Z,WETH:000274,505.333,2025-11-17T12:00:00.000000Z
2025-11-17T12:30:00.000000Z,WETH:000274,492.333,2025-11-17T12:30:00.000000Z
2025-11-17T13:00:00.000000Z,WETH:000274,450.5,2025-11-17T13:00:00.000000Z
2025-11-17T13:30:00.000000Z,WETH:000274,394.0,2025-11-17T13:30:00.000000Z
2025-11-17T14:00:00.000000Z,WETH:000274,325.833,2025-11-17T14:00:00.000000Z
2025-11-17T14:30:00.000000Z,WETH:000274,243.833,2025-11-17T14:30:00.000000Z
2025-11-17T15:00:00.000000Z,WETH:000274,142.667,2025-11-17T15:00:00.000000Z
2025-11-17T15:30:00.000000Z,WETH:000274,37.167,2025-11-17T15:30:00.000000Z
2025-11-17T16:00:00.000000Z,WETH:000274,0.667,2025-11-17T16:00:00.000000Z
2025-11-17T16:30:00.000000Z,WETH:000274,-2.667,2025-11-17T16:30:00.000000Z
2025-11-17T17:00:00.000000Z,WETH:000274,-2.167,2025-11-17T17:00:00.000000Z
2025-11-17T17:30:00.000000Z,WETH:000274,-0.667,2025-11-17T17:30:00.000000Z
2025-11-17T18:00:00.000000Z,WETH:000274,-0.667,2025-11-17T18:00:00.000000Z
2025-11-17T18:30:00.000000Z,WETH:000274,0.0,2025-11-17T18:30:00.000000Z
2025-11-17T19:00:00.000000Z,WETH:000274,0.0,2025-11-17T19:00:00.000000Z
2025-11-17T19:30:00.000000Z,WETH:000274,0.0,2025-11-17T19:30:00.000000Z
2025-11-17T20:00:00.000000Z,WETH:000274,-1.333,2025-11-17T20:00:00.000000Z
2025-11-17T20:30:00.000000Z,WETH:000274,-0.8,2025-11-17T20:30:00.000000Z
2025-11-17T21:00:00.000000Z,WETH:000274,0.0,2025-11-17T21:00:00.000000Z
2025-11-17T21:30:00.000000Z,WETH:000274,0.0,2025-11-17T21:30:00.000000Z
2025-11-17T22:00:00.000000Z,WETH:000274,0.0,2025-11-17T22:00:00.000000Z
2025-11-17T22:30:00.000000Z,WETH:000274,0.0,2025-11-17T22:30:00.000000Z
2025-11-17T23:00:00.000000Z,WETH:000274,0.0,2025-11-17T23:00:00.000000Z
2025-11-17T23:30:00.000000Z,WETH:000274,0.0,2025-11-17T23:30:00.000000Z
2025-11-18T00:00:00.000000Z,WETH:000274,0.0,2025-11-18T00:00:00.000000Z
2025-11-18T00:30:00.000000Z,WETH:000274,0.0,2025-11-18T00:30:00.000000Z
2025-11-18T01:00:00.000000Z,WETH:000274,0.0,2025-11-18T01:00:00.000000Z
2025-11-18T01:30:00.000000Z,WETH:000274,0.0,2025-11-18T01:30:00.000000Z
2025-11-18T02:00:00.000000Z,WETH:000274,0.0,2025-11-18T02:00:00.000000Z
2025-11-18T02:30:00.000000Z,WETH:000274,-0.667,2025-11-18T02:30:00.000000Z
2025-11-18T03:00:00.000000Z,WETH:000274,-1.167,2025-11-18T03:00:00.000000Z
2025-11-18T03:30:00.000000Z,WETH:000274,-1.333,2025-11-18T03:30:00.000000Z
2025-11-18T04:00:00.000000Z,WETH:000274,-1.167,2025-11-18T04:00:00.000000Z
2025-11-18T04:30:00.000000Z,WETH:000274,0.0,2025-11-18T04:30:00.000000Z
2025-11-18T05:00:00.000000Z,WETH:000274,0.0,2025-11-18T05:00:00.000000Z
2025-11-18T05:30:00.000000Z,WETH:000274,0.0,2025-11-18T05:30:00.000000Z
2025-11-18T06:00:00.000000Z,WETH:000274,0.0,2025-11-18T06:00:00.000000Z
2025-11-18T06:30:00.000000Z,WETH:000274,0.0,2025-11-18T06:30:00.000000Z
2025-11-18T07:00:00.000000Z,WETH:000274,0.0,2025-11-18T07:00:00.000000Z
2025-11-18T07:30:00.000000Z,WETH:000274,1.0,2025-11-18T07:30:00.000000Z
2025-11-18T08:00:00.000000Z,WETH:000274,4.5,2025-11-18T08:00:00.000000Z
2025-11-18T08:30:00.000000Z,WETH:000274,8.2,2025-11-18T08:30:00.000000Z
2025-11-18T09:00:00.000000Z,WETH:000274,38.667,2025-11-18T09:00:00.000000Z
2025-11-18T09:30:00.000000Z,WETH:000274,101.5,2025-11-18T09:30:00.000000Z
2025-11-18T10:00:00.000000Z,WETH:000274,100.833,2025-11-18T10:00:00.000000Z
2025-11-18T10:30:00.000000Z,WETH:000274,127.5,2025-11-18T10:30:00.000000Z
2025-11-18T11:00:00.000000Z,WETH:000274,86.5,2025-11-18T11:00:00.000000Z
2025-11-18T11:30:00.000000Z,WETH:000274,95.833,2025-11-18T11:30:00.000000Z
2025-11-18T12:00:00.000000Z,WETH:000274,95.333,2025-11-18T12:00:00.000000Z
2025-11-18T12:30:00.000000Z,WETH:000274,49.333,2025-11-18T12:30:00.000000Z
2025-11-18T13:00:00.000000Z,WETH:000274,85.333,2025-11-18T13:00:00.000000Z
2025-11-18T13:30:00.000000Z,WETH:000274,76.167,2025-11-18T13:30:00.000000Z
2025-11-18T14:00:00.000000Z,WETH:000274,104.167,2025-11-18T14:00:00.000000Z
2025-11-18T14:30:00.000000Z,WETH:000274,19.0,2025-11-18T14:30:00.000000Z
2025-11-18T15:00:00.000000Z,WETH:000274,9.167,2025-11-18T15:00:00.000000Z
2025-11-18T15:30:00.000000Z,WETH:000274,7.833,2025-11-18T15:30:00.000000Z
2025-11-18T16:00:00.000000Z,WETH:000274,1.0,2025-11-18T16:00:00.000000Z
2025-11-18T16:30:00.000000Z,WETH:000274,0.0,2025-11-18T16:30:00.000000Z
2025-11-18T17:00:00.000000Z,WETH:000274,0.0,2025-11-18T17:00:00.000000Z
2025-11-18T17:30:00.000000Z,WETH:000274,0.0,2025-11-18T17:30:00.000000Z
2025-11-18T18:00:00.000000Z,WETH:000274,0.0,2025-11-18T18:00:00.000000Z
2025-11-18T18:30:00.000000Z,WETH:000274,0.0,2025-11-18T18:30:00.000000Z
2025-11-18T19:00:00.000000Z,WETH:000274,-0.333,2025-11-18T19:00:00.000000Z
2025-11-18T19:30:00.000000Z,WETH:000274,-0.333,2025-11-18T19:30:00.000000Z
2025-11-18T20:00:00.000000Z,WETH:000274,0.0,2025-11-18T20:00:00.000000Z
2025-11-18T20:30:00.000000Z,WETH:000274,-0.333,2025-11-18T20:30:00.000000Z
2025-11-18T21:00:00.000000Z,WETH:000274,0.0,2025-11-18T21:00:00.000000Z
2025-11-18T21:30:00.000000Z,WETH:000274,-1.2,2025-11-18T21:30:00.000000Z
2025-11-18T22:00:00.000000Z,WETH:000274,-0.333,2025-11-18T22:00:00.000000Z
2025-11-18T22:30:00.000000Z,WETH:000274,0.0,2025-11-18T22:30:00.000000Z
2025-11-18T23:00:00.000000Z,WETH:000274,0.0,2025-11-18T23:00:00.000000Z
2025-11-18T23:30:00.000000Z,WETH:000274,0.0,2025-11-18T23:30:00.000000Z
2025-11-19T00:00:00.000000Z,WETH:000274,0.0,2025-11-19T00:00:00.000000Z
2025-11-19T00:30:00.000000Z,WETH:000274,0.0,2025-11-19T00:30:00.000000Z
2025-11-19T01:00:00.000000Z,WETH:000274,0.0,2025-11-19T01:00:00.000000Z
2025-11-19T01:30:00.000000Z,WETH:000274,0.0,2025-11-19T01:30:00.000000Z
2025-11-19T02:00:00.000000Z,WETH:000274,0.0,2025-11-19T02:00:00.000000Z
2025-11-19T02:30:00.000000Z,WETH:000274,0.0,2025-11-19T02:30:00.000000Z
2025-11-19T03:00:00.000000Z,WETH:000274,0.0,2025-11-19T03:00:00.000000Z
2025-11-19T03:30:00.000000Z,WETH:000274,0.0,2025-11-19T03:30:00.000000Z
2025-11-19T04:00:00.000000Z,WETH:000274,0.0,2025-11-19T04:00:00.000000Z
2025-11-19T04:30:00.000000Z,WETH:000274,0.0,2025-11-19T04:30:00.000000Z
2025-11-19T05:00:00.000000Z,WETH:000274,0.0,2025-11-19T05:00:00.000000Z
2025-11-19T05:30:00.000000Z,WETH:000274,0.0,2025-11-19T05:30:00.000000Z
2025-11-19T06:00:00.000000Z,WETH:000274,0.0,2025-11-19T06:00:00.000000Z
2025-11-19T06:30:00.000000Z,WETH:000274,0.0,2025-11-19T06:30:00.000000Z
2025-11-19T07:00:00.000000Z,WETH:000274,0.0,2025-11-19T07:00:00.000000Z
2025-11-19T07:30:00.000000Z,WETH:000274,2.667,2025-11-19T07:30:00.000000Z
2025-11-19T08:00:00.000000Z,WETH:000274,17.0,2025-11-19T08:00:00.000000Z
2025-11-19T08:30:00.000000Z,WETH:000274,41.833,2025-11-19T08:30:00.000000Z
2025-11-19T09:00:00.000000Z,WETH:000274,51.833,2025-11-19T09:00:00.000000Z
2025-11-19T09:30:00.000000Z,WETH:000274,69.333,2025-11-19T09:30:00.000000Z
2025-11-19T10:00:00.000000Z,WETH:000274,81.0,2025-11-19T10:00:00.000000Z
2025-11-19T10:30:00.000000Z,WETH:000274,288.5,2025-11-19T10:30:00.000000Z
2025-11-19T11:00:00.000000Z,WETH:000274,469.833,2025-11-19T11:00:00.000000Z
2025-11-19T11:30:00.000000Z,WETH:000274,517.5,2025-11-19T11:30:00.000000Z
2025-11-19T12:00:00.000000Z,WETH:000274,518.833,2025-11-19T12:00:00.000000Z
2025-11-19T12:30:00.000000Z,WETH:000274,501.5,2025-11-19T12:30:00.000000Z
2025-11-19T13:00:00.000000Z,WETH:000274,459.167,2025-11-19T13:00:00.000000Z
2025-11-19T13:30:00.000000Z,WETH:000274,401.0,2025-11-19T13:30:00.000000Z
2025-11-19T14:00:00.000000Z,WETH:000274,338.5,2025-11-19T14:00:00.000000Z
2025-11-19T14:30:00.000000Z,WETH:000274,259.833,2025-11-19T14:30:00.000000Z
2025-11-19T15:00:00.000000Z,WETH:000274,164.833,2025-11-19T15:00:00.000000Z
2025-11-19T15:30:00.000000Z,WETH:000274,34.5,2025-11-19T15:30:00.000000Z
2025-11-19T16:00:00.000000Z,WETH:000274,0.167,2025-11-19T16:00:00.000000Z
2025-11-19T16:30:00.000000Z,WETH:000274,-2.0,2025-11-19T16:30:00.000000Z
2025-11-19T17:00:00.000000Z,WETH:000274,-2.0,2025-11-19T17:00:00.000000Z
2025-11-19T17:30:00.000000Z,WETH:000274,-1.333,2025-11-19T17:30:00.000000Z
2025-11-19T18:00:00.000000Z,WETH:000274,-1.5,2025-11-19T18:00:00.000000Z
2025-11-19T18:30:00.000000Z,WETH:000274,-1.833,2025-11-19T18:30:00.000000Z
2025-11-19T19:00:00.000000Z,WETH:000274,-2.0,2025-11-19T19:00:00.000000Z
2025-11-19T19:30:00.000000Z,WETH:000274,-1.667,2025-11-19T19:30:00.000000Z
2025-11-19T20:00:00.000000Z,WETH:000274,-1.833,2025-11-19T20:00:00.000000Z
2025-11-19T20:30:00.000000Z,WETH:000274,-2.0,2025-11-19T20:30:00.000000Z
2025-11-19T21:00:00.000000Z,WETH:000274,-1.833,2025-11-19T21:00:00.000000Z
2025-11-19T21:30:00.000000Z,WETH:000274,-1.667,2025-11-19T21:30:00.000000Z
2025-11-19T22:00:00.000000Z,WETH:000274,-1.8,2025-11-19T22:00:00.000000Z
2025-11-19T22:30:00.000000Z,WETH:000274,-2.0,2025-11-19T22:30:00.000000Z
2025-11-19T23:00:00.000000Z,WETH:000274,-2.0,2025-11-19T23:00:00.000000Z
2025-11-19T23:30:00.000000Z,WETH:000274,-2.0,2025-11-19T23:30:00.000000Z
2025-11-20T00:00:00.000000Z,WETH:000274,-2.0,2025-11-20T00:00:00.000000Z
2025-11-20T00:30:00.000000Z,WETH:000274,-1.5,2025-11-20T00:30:00.000000Z
2025-11-20T01:00:00.000000Z,WETH:000274,-1.167,2025-11-20T01:00:00.000000Z
2025-11-20T01:30:00.000000Z,WETH:000274,-1.667,2025-11-20T01:30:00.000000Z
2025-11-20T02:00:00.000000Z,WETH:000274,-2.0,2025-11-20T02:00:00.000000Z
2025-11-20T02:30:00.000000Z,WETH:000274,-1.5,2025-11-20T02:30:00.000000Z
2025-11-20T03:00:00.000000Z,WETH:000274,-1.833,2025-11-20T03:00:00.000000Z
2025-11-20T03:30:00.000000Z,WETH:000274,-2.0,2025-11-20T03:30:00.000000Z
2025-11-20T04:00:00.000000Z,WETH:000274,-1.833,2025-11-20T04:00:00.000000Z
2025-11-20T04:30:00.000000Z,WETH:000274,-2.0,2025-11-20T04:30:00.000000Z
2025-11-20T05:00:00.000000Z,WETH:000274,-2.0,2025-11-20T05:00:00.000000Z
2025-11-20T05:30:00.000000Z,WETH:000274,-1.5,2025-11-20T05:30:00.000000Z
2025-11-20T06:00:00.000000Z,WETH:000274,-1.0,2025-11-20T06:00:00.000000Z
2025-11-20T06:30:00.000000Z,WETH:000274,-1.0,2025-11-20T06:30:00.000000Z
2025-11-20T07:00:00.000000Z,WETH:000274,-0.833,2025-11-20T07:00:00.000000Z
2025-11-20T07:30:00.000000Z,WETH:000274,7.167,2025-11-20T07:30:00.000000Z
2025-11-20T08:00:00.000000Z,WETH:000274,66.5,2025-11-20T08:00:00.000000Z
2025-11-20T08:30:00.000000Z,WETH:000274,61.667,2025-11-20T08:30:00.000000Z
2025-11-20T09:00:00.000000Z,WETH:000274,240.333,2025-11-20T09:00:00.000000Z
2025-11-20T09:30:00.000000Z,WETH:000274,357.167,2025-11-20T09:30:00.000000Z
2025-11-20T10:00:00.000000Z,WETH:000274,416.6,2025-11-20T10:00:00.000000Z
2025-11-20T10:30:00.000000Z,WETH:000274,460.333,2025-11-20T10:30:00.000000Z
2025-11-20T11:00:00.000000Z,WETH:000274,493.167,2025-11-20T11:00:00.000000Z
2025-11-20T11:30:00.000000Z,WETH:000274,509.5,2025-11-20T11:30:00.000000Z
2025-11-20T12:00:00.000000Z,WETH:000274,507.667,2025-11-20T12:00:00.000000Z
2025-11-20T12:30:00.000000Z,WETH:000274,486.667,2025-11-20T12:30:00.000000Z
2025-11-20T13:00:00.000000Z,WETH:000274,451.833,2025-11-20T13:00:00.000000Z
2025-11-20T13:30:00.000000Z,WETH:000274,401.333,2025-11-20T13:30:00.000000Z
2025-11-20T14:00:00.000000Z,WETH:000274,334.5,2025-11-20T14:00:00.000000Z
2025-11-20T14:30:00.000000Z,WETH:000274,252.0,2025-11-20T14:30:00.000000Z
2025-11-20T15:00:00.000000Z,WETH:000274,154.167,2025-11-20T15:00:00.000000Z
2025-11-20T15:30:00.000000Z,WETH:000274,38.167,2025-11-20T15:30:00.000000Z
2025-11-20T16:00:00.000000Z,WETH:000274,0.667,2025-11-20T16:00:00.000000Z
2025-11-20T16:30:00.000000Z,WETH:000274,-1.833,2025-11-20T16:30:00.000000Z
2025-11-20T17:00:00.000000Z,WETH:000274,-1.667,2025-11-20T17:00:00.000000Z
2025-11-20T17:30:00.000000Z,WETH:000274,-2.0,2025-11-20T17:30:00.000000Z
2025-11-20T18:00:00.000000Z,WETH:000274,-1.833,2025-11-20T18:00:00.000000Z
2025-11-20T18:30:00.000000Z,WETH:000274,-1.5,2025-11-20T18:30:00.000000Z
2025-11-20T19:00:00.000000Z,WETH:000274,-1.833,2025-11-20T19:00:00.000000Z
2025-11-20T19:30:00.000000Z,WETH:000274,-2.0,2025-11-20T19:30:00.000000Z
2025-11-20T20:00:00.000000Z,WETH:000274,-2.0,2025-11-20T20:00:00.000000Z
2025-11-20T20:30:00.000000Z,WETH:000274,-2.0,2025-11-20T20:30:00.000000Z
2025-11-20T21:00:00.000000Z,WETH:000274,-2.5,2025-11-20T21:00:00.000000Z
2025-11-20T21:30:00.000000Z,WETH:000274,-2.167,2025-11-20T21:30:00.000000Z
2025-11-20T22:00:00.000000Z,WETH:000274,-2.0,2025-11-20T22:00:00.000000Z
2025-11-20T22:30:00.000000Z,WETH:000274,-2.0,2025-11-20T22:30:00.000000Z
2025-11-20T23:00:00.000000Z,WETH:000274,-2.6,2025-11-20T23:00:00.000000Z
2025-11-20T23:30:00.000000Z,WETH:000274,-2.333,2025-11-20T23:30:00.000000Z
2025-11-21T00:00:00.000000Z,WETH:000274,-2.167,2025-11-21T00:00:00.000000Z
2025-11-21T00:30:00.000000Z,WETH:000274,-2.5,2025-11-21T00:30:00.000000Z
2025-11-21T01:00:00.000000Z,WETH:000274,-2.333,2025-11-21T01:00:00.000000Z
2025-11-21T01:30:00.000000Z,WETH:000274,-2.667,2025-11-21T01:30:00.000000Z
2025-11-21T02:00:00.000000Z,WETH:000274,-2.167,2025-11-21T02:00:00.000000Z
2025-11-21T02:30:00.000000Z,WETH:000274,-1.667,2025-11-21T02:30:00.000000Z
2025-11-21T03:00:00.000000Z,WETH:000274,-2.0,2025-11-21T03:00:00.000000Z
2025-11-21T03:30:00.000000Z,WETH:000274,-2.0,2025-11-21T03:30:00.000000Z
2025-11-21T04:00:00.000000Z,WETH:000274,-2.167,2025-11-21T04:00:00.000000Z
2025-11-21T04:30:00.000000Z,WETH:000274,-2.0,2025-11-21T04:30:00.000000Z
2025-11-21T05:00:00.000000Z,WETH:000274,-2.167,2025-11-21T05:00:00.000000Z
2025-11-21T05:30:00.000000Z,WETH:000274,-2.0,2025-11-21T05:30:00.000000Z
2025-11-21T06:00:00.000000Z,WETH:000274,-2.0,2025-11-21T06:00:00.000000Z
2025-11-21T06:30:00.000000Z,WETH:000274,-1.667,2025-11-21T06:30:00.000000Z
2025-11-21T07:00:00.000000Z,WETH:000274,-1.5,2025-11-21T07:00:00.000000Z
2025-11-21T07:30:00.000000Z,WETH:000274,9.5,2025-11-21T07:30:00.000000Z
2025-11-21T08:00:00.000000Z,WETH:000274,101.5,2025-11-21T08:00:00.000000Z
2025-11-21T08:30:00.000000Z,WETH:000274,189.667,2025-11-21T08:30:00.000000Z
2025-11-21T09:00:00.000000Z,WETH:000274,254.0,2025-11-21T09:00:00.000000Z
2025-11-21T09:30:00.000000Z,WETH:000274,176.833,2025-11-21T09:30:00.000000Z
2025-11-21T10:00:00.000000Z,WETH:000274,358.833,2025-11-21T10:00:00.000000Z
2025-11-21T10:30:00.000000Z,WETH:000274,543.167,2025-11-21T10:30:00.000000Z
2025-11-21T11:00:00.000000Z,WETH:000274,477.167,2025-11-21T11:00:00.000000Z
2025-11-21T11:30:00.000000Z,WETH:000274,512.4,2025-11-21T11:30:00.000000Z
2025-11-21T12:00:00.000000Z,WETH:000274,426.0,2025-11-21T12:00:00.000000Z
2025-11-21T12:30:00.000000Z,WETH:000274,407.833,2025-11-21T12:30:00.000000Z
2025-11-21T13:00:00.000000Z,WETH:000274,373.333,2025-11-21T13:00:00.000000Z
2025-11-21T13:30:00.000000Z,WETH:000274,400.833,2025-11-21T13:30:00.000000Z
2025-11-21T14:00:00.000000Z,WETH:000274,153.5,2025-11-21T14:00:00.000000Z
2025-11-21T14:30:00.000000Z,WETH:000274,62.167,2025-11-21T14:30:00.000000Z
2025-11-21T15:00:00.000000Z,WETH:000274,24.833,2025-11-21T15:00:00.000000Z
2025-11-21T15:30:00.000000Z,WETH:000274,8.667,2025-11-21T15:30:00.000000Z
2025-11-21T16:00:00.000000Z,WETH:000274,0.333,2025-11-21T16:00:00.000000Z
2025-11-21T16:30:00.000000Z,WETH:000274,-0.833,2025-11-21T16:30:00.000000Z
2025-11-21T17:00:00.000000Z,WETH:000274,0.0,2025-11-21T17:00:00.000000Z
2025-11-21T17:30:00.000000Z,WETH:000274,0.0,2025-11-21T17:30:00.000000Z
2025-11-21T18:00:00.000000Z,WETH:000274,0.0,2025-11-21T18:00:00.000000Z
2025-11-21T18:30:00.000000Z,WETH:000274,0.0,2025-11-21T18:30:00.000000Z
2025-11-21T19:00:00.000000Z,WETH:000274,0.0,2025-11-21T19:00:00.000000Z
2025-11-21T19:30:00.000000Z,WETH:000274,0.0,2025-11-21T19:30:00.000000Z
2025-11-21T20:00:00.000000Z,WETH:000274,0.0,2025-11-21T20:00:00.000000Z
2025-11-21T20:30:00.000000Z,WETH:000274,0.0,2025-11-21T20:30:00.000000Z
2025-11-21T21:00:00.000000Z,WETH:000274,0.0,2025-11-21T21:00:00.000000Z
2025-11-21T21:30:00.000000Z,WETH:000274,0.0,2025-11-21T21:30:00.000000Z
2025-11-21T22:00:00.000000Z,WETH:000274,0.0,2025-11-21T22:00:00.000000Z
2025-11-21T22:30:00.000000Z,WETH:000274,0.0,2025-11-21T22:30:00.000000Z
2025-11-21T23:00:00.000000Z,WETH:000274,0.0,2025-11-21T23:00:00.000000Z
2025-11-21T23:30:00.000000Z,WETH:000274,0.0,2025-11-21T23:30:00.000000Z
